--TABLA PERIODO
INSERT INTO DBSEGSYL.PERIODO(ID_PERIODO,ANIO,SEMESTRE,FECHA_INICIO,FECHA_FIN)
			VALUES (1,2015,0,TO_DATE('07/01/2016','DD/MM/YYYY'),TO_DATE('03/03/2016','DD/MM/YYYY'));

INSERT INTO DBSEGSYL.PERIODO(ID_PERIODO,ANIO,SEMESTRE,FECHA_INICIO,FECHA_FIN)
			VALUES (2,2015,1,TO_DATE('23/03/2016','DD/MM/YYYY'),TO_DATE('17/07/2016','DD/MM/YYYY'));

INSERT INTO DBSEGSYL.PERIODO(ID_PERIODO,ANIO,SEMESTRE,FECHA_INICIO,FECHA_FIN)
			VALUES (3,2015,2,TO_DATE('17/08/2016','DD/MM/YYYY'),TO_DATE('11/12/2016','DD/MM/YYYY'));

INSERT INTO DBSEGSYL.PERIODO(ID_PERIODO,ANIO,SEMESTRE,FECHA_INICIO,FECHA_FIN)
			VALUES (4,2016,0,TO_DATE('07/01/2016','DD/MM/YYYY'),TO_DATE('03/03/2016','DD/MM/YYYY'));

INSERT INTO DBSEGSYL.PERIODO(ID_PERIODO,ANIO,SEMESTRE,FECHA_INICIO,FECHA_FIN)
			VALUES (5,2016,1,TO_DATE('21/03/2016','DD/MM/YYYY'),TO_DATE('15/07/2016','DD/MM/YYYY'));

INSERT INTO DBSEGSYL.PERIODO(ID_PERIODO,ANIO,SEMESTRE,FECHA_INICIO,FECHA_FIN)
			VALUES (6,2016,2,TO_DATE('15/08/2016','DD/MM/YYYY'),TO_DATE('09/12/2016','DD/MM/YYYY'));

--TABLA EAP
INSERT INTO DBSEGSYL.EAP(ID_EAP, CODIGO_EAP, NOMBRE)
			VALUES (1, 201, 'E.A.P INGENIERIA DE SISTEMAS');

INSERT INTO DBSEGSYL.EAP(ID_EAP, CODIGO_EAP, NOMBRE)
			VALUES (2, 202, 'E.A.P INGENIERIA DE SOFTWARE');

--TABLA PLAN_DE_ESTUDIO
INSERT INTO DBSEGSYL.PLAN_DE_ESTUDIO(ID_PLAN_ESTUDIO, NOMBRE, ESTA_VIGENTE, ANIO_DE_PUBLICACION, ID_EAP)
			VALUES (1, 'PLAN DE ESTUDIO 2009', 'S', '2009', 1);

INSERT INTO DBSEGSYL.PLAN_DE_ESTUDIO(ID_PLAN_ESTUDIO, NOMBRE, ESTA_VIGENTE, ANIO_DE_PUBLICACION, ID_EAP)
			VALUES (2, 'PLAN DE ESTUDIO 2014', 'S', '2014', 1);

INSERT INTO DBSEGSYL.PLAN_DE_ESTUDIO(ID_PLAN_ESTUDIO, NOMBRE, ESTA_VIGENTE, ANIO_DE_PUBLICACION, ID_EAP)
			VALUES (3, 'PLAN DE ESTUDIO 2009', 'S', '2009', 2);

INSERT INTO DBSEGSYL.PLAN_DE_ESTUDIO(ID_PLAN_ESTUDIO, NOMBRE, ESTA_VIGENTE, ANIO_DE_PUBLICACION, ID_EAP)
			VALUES (4, 'PLAN DE ESTUDIO 2015', 'S', '2015', 2);

--TABLA REGIMEN
INSERT INTO DBSEGSYL.REGIMEN(ID_REGIMEN, DESCRIPCION)
			VALUES (1,'OBLIGATORIO');

INSERT INTO DBSEGSYL.REGIMEN (ID_REGIMEN, DESCRIPCION)
			VALUES (2, 'ELECTIVO');

--TABLA ASIGNATURA
--Cursos de Primer Ciclo de Ingenieria de Software del Plan de Estudio 2009
INSERT INTO DBSEGSYL.ASIGNATURA(ID_ASIGNATURA, NOMBRE, CODIGO, CREDITAJE, CICLO, ID_PLAN_ESTUDIO, ID_REGIMEN)
			VALUES 	(1, 'INTRODUCCION A LA TEORIA GENERAL DE SISTEMAS',2020101,3,1,3,1);

INSERT INTO DBSEGSYL.ASIGNATURA(ID_ASIGNATURA, NOMBRE, CODIGO, CREDITAJE, CICLO, ID_PLAN_ESTUDIO, ID_REGIMEN)
			VALUES (2, 'INTRODUCCION A LA COMPUTACION E INGENIERIA DE SOFTWARE',2020102,4,1,3,1);

INSERT INTO DBSEGSYL.ASIGNATURA(ID_ASIGNATURA, NOMBRE, CODIGO, CREDITAJE, CICLO, ID_PLAN_ESTUDIO, ID_REGIMEN)
			VALUES (3, 'CALCULO I',2020103,4,1,3,1);

INSERT INTO DBSEGSYL.ASIGNATURA(ID_ASIGNATURA, NOMBRE, CODIGO, CREDITAJE, CICLO, ID_PLAN_ESTUDIO, ID_REGIMEN)
			VALUES (4, 'MATEMATICA BASICA I',2020104,4,1,3,1);

INSERT INTO DBSEGSYL.ASIGNATURA(ID_ASIGNATURA, NOMBRE, CODIGO, CREDITAJE, CICLO, ID_PLAN_ESTUDIO, ID_REGIMEN)
			VALUES (5, 'COMUNICACION Y DINAMICA DE GRUPO',2020105,2,1,3,1);

INSERT INTO DBSEGSYL.ASIGNATURA(ID_ASIGNATURA, NOMBRE, CODIGO, CREDITAJE, CICLO, ID_PLAN_ESTUDIO, ID_REGIMEN)
			VALUES (6, 'IDIOMA EXTRANJERO I',2020106,3,1,3,1);


--Cursos de Segundo Ciclo de Ingenieria de Software del Plan de Estudio 2009
INSERT INTO DBSEGSYL.ASIGNATURA(ID_ASIGNATURA, NOMBRE, CODIGO, CREDITAJE, CICLO, ID_PLAN_ESTUDIO, ID_REGIMEN)
			VALUES 	(7, 'PROGRAMACION I',2020201,4,2,3,1);

INSERT INTO DBSEGSYL.ASIGNATURA(ID_ASIGNATURA, NOMBRE, CODIGO, CREDITAJE, CICLO, ID_PLAN_ESTUDIO, ID_REGIMEN)
			VALUES 	(8, 'MATEMATICAS DISCRETAS',2020202,3,2,3,1);

INSERT INTO DBSEGSYL.ASIGNATURA(ID_ASIGNATURA, NOMBRE, CODIGO, CREDITAJE, CICLO, ID_PLAN_ESTUDIO, ID_REGIMEN)
			VALUES (9, 'CALCULO II',2020203,4,2,3,1);

INSERT INTO DBSEGSYL.ASIGNATURA(ID_ASIGNATURA, NOMBRE, CODIGO, CREDITAJE, CICLO, ID_PLAN_ESTUDIO, ID_REGIMEN)
			VALUES (10, 'MATEMATICA BASICA II',2020204,4,2,3,1);

INSERT INTO DBSEGSYL.ASIGNATURA(ID_ASIGNATURA, NOMBRE, CODIGO, CREDITAJE, CICLO, ID_PLAN_ESTUDIO, ID_REGIMEN)
			VALUES (11, 'FISICA I',2020205,4,2,3,1);

INSERT INTO DBSEGSYL.ASIGNATURA(ID_ASIGNATURA, NOMBRE, CODIGO, CREDITAJE, CICLO, ID_PLAN_ESTUDIO, ID_REGIMEN)
			VALUES (12, 'IDIOMA EXTRANJERO II',2020206,3,2,3,1);


--Cursos de Tercer Ciclo de Ingenieria de Software del Plan de Estudio 2009
INSERT INTO DBSEGSYL.ASIGNATURA(ID_ASIGNATURA, NOMBRE, CODIGO, CREDITAJE, CICLO, ID_PLAN_ESTUDIO, ID_REGIMEN)
			VALUES 	(13, 'PROGRAMACION II',2020301,4,3,3,1);

INSERT INTO DBSEGSYL.ASIGNATURA(ID_ASIGNATURA, NOMBRE, CODIGO, CREDITAJE, CICLO, ID_PLAN_ESTUDIO, ID_REGIMEN)
			VALUES 	(14, 'SERIES Y ECUACIONES DIFERENCIALES',2020302,4,3,3,1);

INSERT INTO DBSEGSYL.ASIGNATURA(ID_ASIGNATURA, NOMBRE, CODIGO, CREDITAJE, CICLO, ID_PLAN_ESTUDIO, ID_REGIMEN)
			VALUES (15, 'ESTADISTICA Y PROBABILIDADES',2020303,4,3,3,1);

INSERT INTO DBSEGSYL.ASIGNATURA(ID_ASIGNATURA, NOMBRE, CODIGO, CREDITAJE, CICLO, ID_PLAN_ESTUDIO, ID_REGIMEN)
			VALUES (16, 'FISICA II',2020304,4,3,3,1);

INSERT INTO DBSEGSYL.ASIGNATURA(ID_ASIGNATURA, NOMBRE, CODIGO, CREDITAJE, CICLO, ID_PLAN_ESTUDIO, ID_REGIMEN)
			VALUES (17, 'ORGANIZACION Y ADMINISTRACION',2020305,3,3,3,1);

INSERT INTO DBSEGSYL.ASIGNATURA(ID_ASIGNATURA, NOMBRE, CODIGO, CREDITAJE, CICLO, ID_PLAN_ESTUDIO, ID_REGIMEN)
			VALUES (18, 'IDIOMA EXTRANJERO III',2020306,3,3,3,1);

--Cursos de Cuarto Ciclo de Ingenieria de Software del Plan de Estudio 2009
INSERT INTO DBSEGSYL.ASIGNATURA(ID_ASIGNATURA, NOMBRE, CODIGO, CREDITAJE, CICLO, ID_PLAN_ESTUDIO, ID_REGIMEN)
			VALUES 	(19, 'ANALISIS Y DISEÑO DE ALGORITMOS',2020401,4,4,3,1);

INSERT INTO DBSEGSYL.ASIGNATURA(ID_ASIGNATURA, NOMBRE, CODIGO, CREDITAJE, CICLO, ID_PLAN_ESTUDIO, ID_REGIMEN)
			VALUES 	(20, 'ESTRUCTURA DE DATOS I',2020402,4,4,3,1);

INSERT INTO DBSEGSYL.ASIGNATURA(ID_ASIGNATURA, NOMBRE, CODIGO, CREDITAJE, CICLO, ID_PLAN_ESTUDIO, ID_REGIMEN)
			VALUES (21, 'METODOS NUMERICOS',2020403,4,4,3,1);

INSERT INTO DBSEGSYL.ASIGNATURA(ID_ASIGNATURA, NOMBRE, CODIGO, CREDITAJE, CICLO, ID_PLAN_ESTUDIO, ID_REGIMEN)
			VALUES (22, 'SISTEMAS DIGITALES',2020404,4,4,3,1);

INSERT INTO DBSEGSYL.ASIGNATURA(ID_ASIGNATURA, NOMBRE, CODIGO, CREDITAJE, CICLO, ID_PLAN_ESTUDIO, ID_REGIMEN)
			VALUES (23, 'ECONOMIA PARA GESTION',2020405,3,4,3,1);

INSERT INTO DBSEGSYL.ASIGNATURA(ID_ASIGNATURA, NOMBRE, CODIGO, CREDITAJE, CICLO, ID_PLAN_ESTUDIO, ID_REGIMEN)
			VALUES (24, 'IDIOMA EXTRANJETO IV',2020406,3,4,3,1);

--Cursos de Quinto Ciclo de Ingenieria de Software del Plan de Estudio 2009
INSERT INTO DBSEGSYL.ASIGNATURA(ID_ASIGNATURA, NOMBRE, CODIGO, CREDITAJE, CICLO, ID_PLAN_ESTUDIO, ID_REGIMEN)
			VALUES 	(25, 'BASE DE DATOS I',2020501,4,5,3,1);

INSERT INTO DBSEGSYL.ASIGNATURA(ID_ASIGNATURA, NOMBRE, CODIGO, CREDITAJE, CICLO, ID_PLAN_ESTUDIO, ID_REGIMEN)
			VALUES 	(26, 'ESTRUCTURA DE DATOS II',2020502,4,5,3,1);

INSERT INTO DBSEGSYL.ASIGNATURA(ID_ASIGNATURA, NOMBRE, CODIGO, CREDITAJE, CICLO, ID_PLAN_ESTUDIO, ID_REGIMEN)
			VALUES (27, 'ARQUITECTURA DE COMPUTADORAS',2020503,4,5,3,1);

INSERT INTO DBSEGSYL.ASIGNATURA(ID_ASIGNATURA, NOMBRE, CODIGO, CREDITAJE, CICLO, ID_PLAN_ESTUDIO, ID_REGIMEN)
			VALUES (28, 'MODELAMIENTO Y REQUISITOS DE SOFTWARE',2020504,4,5,3,1);

INSERT INTO DBSEGSYL.ASIGNATURA(ID_ASIGNATURA, NOMBRE, CODIGO, CREDITAJE, CICLO, ID_PLAN_ESTUDIO, ID_REGIMEN)
			VALUES (29, 'LENGUAJES Y COMPILADORES',2020505,3,5,3,1);

INSERT INTO DBSEGSYL.ASIGNATURA(ID_ASIGNATURA, NOMBRE, CODIGO, CREDITAJE, CICLO, ID_PLAN_ESTUDIO, ID_REGIMEN)
			VALUES (30, 'IDIOMA EXTRANJERO V',2020506,3,5,3,1);

--Cursos de Sexto Ciclo de Ingenieria de Software del Plan de Estudio 2009
INSERT INTO DBSEGSYL.ASIGNATURA(ID_ASIGNATURA, NOMBRE, CODIGO, CREDITAJE, CICLO, ID_PLAN_ESTUDIO, ID_REGIMEN)
			VALUES 	(31, 'BASE DE DATOS II',2020601,4,6,3,1);

INSERT INTO DBSEGSYL.ASIGNATURA(ID_ASIGNATURA, NOMBRE, CODIGO, CREDITAJE, CICLO, ID_PLAN_ESTUDIO, ID_REGIMEN)
			VALUES 	(32, 'DISEÑO DE SOFTWARE',2020602,4,6,3,1);

INSERT INTO DBSEGSYL.ASIGNATURA(ID_ASIGNATURA, NOMBRE, CODIGO, CREDITAJE, CICLO, ID_PLAN_ESTUDIO, ID_REGIMEN)
			VALUES (33, 'INVESTIGACION DE OPERACIONES I',2020603,4,6,3,1);

INSERT INTO DBSEGSYL.ASIGNATURA(ID_ASIGNATURA, NOMBRE, CODIGO, CREDITAJE, CICLO, ID_PLAN_ESTUDIO, ID_REGIMEN)
			VALUES (34, 'SISTEMAS OPERATIVOS',2020604,4,6,3,1);

INSERT INTO DBSEGSYL.ASIGNATURA(ID_ASIGNATURA, NOMBRE, CODIGO, CREDITAJE, CICLO, ID_PLAN_ESTUDIO, ID_REGIMEN)
			VALUES (35, 'CONTABILIDAD DE GESTION',2020605,3,6,3,1);

INSERT INTO DBSEGSYL.ASIGNATURA(ID_ASIGNATURA, NOMBRE, CODIGO, CREDITAJE, CICLO, ID_PLAN_ESTUDIO, ID_REGIMEN)
			VALUES (36, 'IDIOMA EXTRANJERO VI',2020606,3,6,3,1);

--Cursos de Septimo Ciclo de Ingenieria de Software del Plan de Estudio 2009
INSERT INTO DBSEGSYL.ASIGNATURA(ID_ASIGNATURA, NOMBRE, CODIGO, CREDITAJE, CICLO, ID_PLAN_ESTUDIO, ID_REGIMEN)
			VALUES 	(37, 'ARQUITECTURA DE SOFTWARE',2020701,4,7,3,1);

INSERT INTO DBSEGSYL.ASIGNATURA(ID_ASIGNATURA, NOMBRE, CODIGO, CREDITAJE, CICLO, ID_PLAN_ESTUDIO, ID_REGIMEN)
			VALUES 	(38, 'TALLER DE CONSTRUCCION DE SOFTWARE',2020702,4,7,3,1);

INSERT INTO DBSEGSYL.ASIGNATURA(ID_ASIGNATURA, NOMBRE, CODIGO, CREDITAJE, CICLO, ID_PLAN_ESTUDIO, ID_REGIMEN)
			VALUES (39, 'INVESTIGACION DE OPERACIONES II',2020703,4,7,3,1);

INSERT INTO DBSEGSYL.ASIGNATURA(ID_ASIGNATURA, NOMBRE, CODIGO, CREDITAJE, CICLO, ID_PLAN_ESTUDIO, ID_REGIMEN)
			VALUES (40, 'REDES Y TRANSMISION DE DATOS',2020704,4,7,3,1);

INSERT INTO DBSEGSYL.ASIGNATURA(ID_ASIGNATURA, NOMBRE, CODIGO, CREDITAJE, CICLO, ID_PLAN_ESTUDIO, ID_REGIMEN)
			VALUES (41, 'GERENCIA DE PROYECTO DE SOFTWARE',2020705,4,7,3,1);


--Cursos de Octavo Ciclo de Ingenieria de Software del Plan de Estudio 2009
INSERT INTO DBSEGSYL.ASIGNATURA(ID_ASIGNATURA, NOMBRE, CODIGO, CREDITAJE, CICLO, ID_PLAN_ESTUDIO, ID_REGIMEN)
			VALUES 	(42, 'INTELIGENCIA ARTIFICIAL',2020801,4,8,3,1);

INSERT INTO DBSEGSYL.ASIGNATURA(ID_ASIGNATURA, NOMBRE, CODIGO, CREDITAJE, CICLO, ID_PLAN_ESTUDIO, ID_REGIMEN)
			VALUES 	(43, 'PRUEBA DE SOFTWARE',2020802,4,8,3,1);

INSERT INTO DBSEGSYL.ASIGNATURA(ID_ASIGNATURA, NOMBRE, CODIGO, CREDITAJE, CICLO, ID_PLAN_ESTUDIO, ID_REGIMEN)
			VALUES (44, 'CALIDAD DE SOFTWARE',2020803,4,8,3,1);

INSERT INTO DBSEGSYL.ASIGNATURA(ID_ASIGNATURA, NOMBRE, CODIGO, CREDITAJE, CICLO, ID_PLAN_ESTUDIO, ID_REGIMEN)
			VALUES (45, 'SEGURIDAD DE REDES',2020804,4,8,3,1);

INSERT INTO DBSEGSYL.ASIGNATURA(ID_ASIGNATURA, NOMBRE, CODIGO, CREDITAJE, CICLO, ID_PLAN_ESTUDIO, ID_REGIMEN)
			VALUES (46, 'GESTION DE TECNOLOGIAS DE LA INFORMACION',2020805,4,8,3,1);


--Cursos de Noveno Ciclo de Ingenieria de Software del Plan de Estudio 2009
INSERT INTO DBSEGSYL.ASIGNATURA(ID_ASIGNATURA, NOMBRE, CODIGO, CREDITAJE, CICLO, ID_PLAN_ESTUDIO, ID_REGIMEN)
			VALUES 	(47, 'ETICA PROFESIONAL',2020901,3,9,3,1);

INSERT INTO DBSEGSYL.ASIGNATURA(ID_ASIGNATURA, NOMBRE, CODIGO, CREDITAJE, CICLO, ID_PLAN_ESTUDIO, ID_REGIMEN)
			VALUES 	(48, 'GESTION DE CONFIGURACION Y MANTENIMIENTO',2020902,4,9,3,1);

INSERT INTO DBSEGSYL.ASIGNATURA(ID_ASIGNATURA, NOMBRE, CODIGO, CREDITAJE, CICLO, ID_PLAN_ESTUDIO, ID_REGIMEN)
			VALUES (49, 'SISTEMAS INTELIGENTES',2020903,4,9,3,1);

INSERT INTO DBSEGSYL.ASIGNATURA(ID_ASIGNATURA, NOMBRE, CODIGO, CREDITAJE, CICLO, ID_PLAN_ESTUDIO, ID_REGIMEN)
			VALUES (50, 'PROYECTO DE TESIS I',2020904,6,9,3,1);

INSERT INTO DBSEGSYL.ASIGNATURA(ID_ASIGNATURA, NOMBRE, CODIGO, CREDITAJE, CICLO, ID_PLAN_ESTUDIO, ID_REGIMEN)
			VALUES (51, 'FINANZAS PARA GESTION',2020905,4,9,3,1);


--Cursos de Décimo Ciclo de Ingenieria de Software del Plan de Estudio 2009
INSERT INTO DBSEGSYL.ASIGNATURA(ID_ASIGNATURA, NOMBRE, CODIGO, CREDITAJE, CICLO, ID_PLAN_ESTUDIO, ID_REGIMEN)
			VALUES 	(52, 'INTELIGENCIA DE NEGOCIOS',2021001,4,10,3,1);

INSERT INTO DBSEGSYL.ASIGNATURA(ID_ASIGNATURA, NOMBRE, CODIGO, CREDITAJE, CICLO, ID_PLAN_ESTUDIO, ID_REGIMEN)
			VALUES 	(53, 'PROYECTO DE TESIS II',2021002,6,10,3,1);

INSERT INTO DBSEGSYL.ASIGNATURA(ID_ASIGNATURA, NOMBRE, CODIGO, CREDITAJE, CICLO, ID_PLAN_ESTUDIO, ID_REGIMEN)
			VALUES (54, 'TENDENCIAS EN GESTION EMPRESARIAL',2021003,3,10,3,1);

INSERT INTO DBSEGSYL.ASIGNATURA(ID_ASIGNATURA, NOMBRE, CODIGO, CREDITAJE, CICLO, ID_PLAN_ESTUDIO, ID_REGIMEN)
			VALUES (55, 'TENDENCIAS EN INGENIERIA DE SOFTWARE',2021004,3,10,3,1);

INSERT INTO DBSEGSYL.ASIGNATURA(ID_ASIGNATURA, NOMBRE, CODIGO, CREDITAJE, CICLO, ID_PLAN_ESTUDIO, ID_REGIMEN)
			VALUES (56, 'CREATIVIDAD Y LIDERAZGO',2021005,2,10,3,1);


--Cursos de Electivos de Ingenieria de Software del Plan de Estudio 2009
INSERT INTO DBSEGSYL.ASIGNATURA(ID_ASIGNATURA, NOMBRE, CODIGO, CREDITAJE, CICLO, ID_PLAN_ESTUDIO, ID_REGIMEN)
			VALUES 	(57, 'E-BUSSINES',2020798,3,11,3,2);

INSERT INTO DBSEGSYL.ASIGNATURA(ID_ASIGNATURA, NOMBRE, CODIGO, CREDITAJE, CICLO, ID_PLAN_ESTUDIO, ID_REGIMEN)
			VALUES 	(58, 'DATAWAREHOUSE',2020799,3,11,3,2);

INSERT INTO DBSEGSYL.ASIGNATURA(ID_ASIGNATURA, NOMBRE, CODIGO, CREDITAJE, CICLO, ID_PLAN_ESTUDIO, ID_REGIMEN)
			VALUES (59, 'DISEÑO DE APLICACIONES WEB',2020899,3,11,3,2);

INSERT INTO DBSEGSYL.ASIGNATURA(ID_ASIGNATURA, NOMBRE, CODIGO, CREDITAJE, CICLO, ID_PLAN_ESTUDIO, ID_REGIMEN)
			VALUES (60, 'REDES NEURONALES',2021099,3,11,3,2);


/********************************************************/
--PLAN DE ESTUDIOS DE INGENIERIA DE SOFTWARE 2015
--Cursos de Primer Ciclo de Ingenieria de Software del Plan de Estudio 2015
INSERT INTO DBSEGSYL.ASIGNATURA(ID_ASIGNATURA, NOMBRE, CODIGO, CREDITAJE, CICLO, ID_PLAN_ESTUDIO, ID_REGIMEN)
			VALUES (61, 'INTRODUCCION A LA COMPUTACION',2150101,4,1,4,1);

INSERT INTO DBSEGSYL.ASIGNATURA(ID_ASIGNATURA, NOMBRE, CODIGO, CREDITAJE, CICLO, ID_PLAN_ESTUDIO, ID_REGIMEN)
			VALUES (62, 'CALCULO I',2150102,4,1,4,1);

INSERT INTO DBSEGSYL.ASIGNATURA(ID_ASIGNATURA, NOMBRE, CODIGO, CREDITAJE, CICLO, ID_PLAN_ESTUDIO, ID_REGIMEN)
			VALUES (63, 'ESTRATEGIAS DE APRENDIZAJE E INVESTIGACION',2150103,2,1,4,1);

INSERT INTO DBSEGSYL.ASIGNATURA(ID_ASIGNATURA, NOMBRE, CODIGO, CREDITAJE, CICLO, ID_PLAN_ESTUDIO, ID_REGIMEN)
			VALUES (64, 'MATEMATICA BASICA I',2150104,4,1,4,1);

INSERT INTO DBSEGSYL.ASIGNATURA(ID_ASIGNATURA, NOMBRE, CODIGO, CREDITAJE, CICLO, ID_PLAN_ESTUDIO, ID_REGIMEN)
			VALUES (65, 'COMUNICACION Y DINAMICA DE GRUPO',2150105,2,1,4,1);

INSERT INTO DBSEGSYL.ASIGNATURA(ID_ASIGNATURA, NOMBRE, CODIGO, CREDITAJE, CICLO, ID_PLAN_ESTUDIO, ID_REGIMEN)
			VALUES (66, 'ETICA DE LA PROFESION',2150106,2,1,4,1);

INSERT INTO DBSEGSYL.ASIGNATURA(ID_ASIGNATURA, NOMBRE, CODIGO, CREDITAJE, CICLO, ID_PLAN_ESTUDIO, ID_REGIMEN)
			VALUES (67, 'TEORIA GENERAL DE SISTEMAS',2150107,3,1,4,1);


/********************************************************/
--TABLA ROL
INSERT INTO DBSEGSYL.ROL(ID_ROL, NOMBRE, DESCRIPCION)
			VALUES (1, 'ROLE_ALUMNO', 'ESTUDIANTE DE LA FACULTAD DE INGENIERIA DE SISTEMAS E INFORMATICA');

INSERT INTO DBSEGSYL.ROL(ID_ROL, NOMBRE, DESCRIPCION)
			VALUES (2, 'ROLE_DOCENTE', 'DOCENTE DE LA FACULTAD DE INGENIERIA DE SISTEMAS E INFORMATICA');

INSERT INTO DBSEGSYL.ROL(ID_ROL, NOMBRE, DESCRIPCION)
			VALUES (3, 'ROLE_COORDINADOR', 'RESPONSABLE DE GESTIONAR LA ASIGNATURA');

INSERT INTO DBSEGSYL.ROL(ID_ROL, NOMBRE, DESCRIPCION)
			VALUES (4, 'ROLE_DIRECTOR', 'DIRECTOR DE EAP - FISI ');

INSERT INTO DBSEGSYL.ROL(ID_ROL, NOMBRE, DESCRIPCION)
			VALUES (5, 'ROLE_DECANO', 'DECANO DE LA FACULTAD DE INGENIERIA DE SISTEMAS E INFORMATICA');


/********************************************************/
--TABLA USUARIO
INSERT INTO DBSEGSYL.USUARIO (ID_USUARIO, NOMBRE, APELLIDO, CORREO, PASSWORD, TELEFONO, DIRECCION)
			VALUES (44270511, 'LUCERO DEL PILAR','LIZA PUICAN', 'lliza0796@gmail.com', '1234', 954855874, 'Mz. Q Lote...');

INSERT INTO DBSEGSYL.USUARIO (ID_USUARIO, NOMBRE, APELLIDO, CORREO, PASSWORD, TELEFONO, DIRECCION)
			VALUES (46096121, 'MAYCON MACLENIN','GUZMAN OSCATEGUI', 'mikhail7up@gmail.com', '1234', 945875459, 'Mz. Q Lote...');

INSERT INTO DBSEGSYL.USUARIO (ID_USUARIO, NOMBRE, APELLIDO, CORREO, PASSWORD, TELEFONO, DIRECCION)
			VALUES (47655156, 'TAKESHI','FARRO HINOSHITA', 'takeshifarro@gmail.com', '1234', 956987489, 'Mz. Q Lote...');

INSERT INTO DBSEGSYL.USUARIO (ID_USUARIO, NOMBRE, APELLIDO, CORREO, PASSWORD, TELEFONO, DIRECCION)
			VALUES (70126281, 'JENNY LUCÍA','VEGA GUERRERO', 'jelusita11@gmail.com', '1234', 989578594, 'Mz. Q Lote...');

INSERT INTO DBSEGSYL.USUARIO (ID_USUARIO, NOMBRE, APELLIDO, CORREO, PASSWORD, TELEFONO, DIRECCION)
			VALUES (48987458, 'FRANCO EDUARDO','JIMENEZ DELESMA', 'francojimdel@gmail.com', '1234', 949454789, 'Mz. Q Lote...');

INSERT INTO DBSEGSYL.USUARIO (ID_USUARIO, NOMBRE, APELLIDO, CORREO, PASSWORD, TELEFONO, DIRECCION)
			VALUES (47590936, 'ENRIQUE','VILLAREAL CARRILLO ', 'enricoelrico@gmail.com', '1234', 945178059, 'Mz. Q Lote...');

INSERT INTO DBSEGSYL.USUARIO (ID_USUARIO, NOMBRE, APELLIDO, CORREO, PASSWORD, TELEFONO, DIRECCION)
			VALUES (76726604, 'GIANCARLOS JUNIOR','CLAUDIO ZAVALETA', 'jclaudioz@gmail.com', '1234', 979855874, 'Mz. Q Lote...');

INSERT INTO DBSEGSYL.USUARIO (ID_USUARIO, NOMBRE, APELLIDO, CORREO, PASSWORD, TELEFONO, DIRECCION)
			VALUES (43554891, 'THALIA','QUIROZ GUZMAN', 'thaliaquirozg@gmail.com', '1234', 948798998, 'Mz. Q Lote...');

INSERT INTO DBSEGSYL.USUARIO (ID_USUARIO, NOMBRE, APELLIDO, CORREO, PASSWORD, TELEFONO, DIRECCION)
			VALUES (11456684, 'LUIS ALBERTO','ALARCON LOAYZA', 'lalarconl@unmsm.edu.pe', '1234', 994785987, 'Mz. Q Lote...');

INSERT INTO DBSEGSYL.USUARIO (ID_USUARIO, NOMBRE, APELLIDO, CORREO, PASSWORD, TELEFONO, DIRECCION)
			VALUES (42352332, 'BRUNO FRANCESCOLI','PALACIOS ESTRADA', 'bfpalacios@gmail.com', '1234', 971589654, 'Mz. Q Lote...');

INSERT INTO DBSEGSYL.USUARIO (ID_USUARIO, NOMBRE, APELLIDO, CORREO, PASSWORD, TELEFONO, DIRECCION)
			VALUES (17067646, 'DIRECTOR EAP','SW', 'directorsw@gmail.com', '1234', 945869859, 'Mz. Q Lote...');

INSERT INTO DBSEGSYL.USUARIO (ID_USUARIO, NOMBRE, APELLIDO, CORREO, PASSWORD, TELEFONO, DIRECCION)
			VALUES (14058547, 'DIRECTOR EAP','SISTEMAS', 'directorsistemas@gmail.com', '1234', 91265879, 'Mz. Q Lote...');

INSERT INTO DBSEGSYL.USUARIO (ID_USUARIO, NOMBRE, APELLIDO, CORREO, PASSWORD, TELEFONO, DIRECCION)
			VALUES (15485698, 'JUAN CARLOS','GONZALES SUAREZ', 'juangonzaless@unmsm.edu.pe', '1234', 994598744, 'Mz. Q Lote...');

INSERT INTO DBSEGSYL.USUARIO (ID_USUARIO, NOMBRE, APELLIDO, CORREO, PASSWORD, TELEFONO, DIRECCION)
			VALUES (18895878, 'PABLO','LOPEZ VILLANUEVA', 'plopezv@unmsm.edu.pe', '1234', 948759652, 'Mz. Q Lote...');

INSERT INTO DBSEGSYL.USUARIO (ID_USUARIO, NOMBRE, APELLIDO, CORREO, PASSWORD, TELEFONO, DIRECCION)
			VALUES (12265875, 'JUAN','GAMARRA MORENO', 'jgamarram@unmsm.edu.pe', '1234', 948245876, 'Mz. Q Lote...');

INSERT INTO DBSEGSYL.USUARIO (ID_USUARIO, NOMBRE, APELLIDO, CORREO, PASSWORD, TELEFONO, DIRECCION)
			VALUES (12458751, 'JORGE','PANTOJA COLLANTES', 'jpantojac@unmsm.edu.pe', '1234', 976398744, 'Mz. Q Lote...');

INSERT INTO DBSEGSYL.USUARIO (ID_USUARIO, NOMBRE, APELLIDO, CORREO, PASSWORD, TELEFONO, DIRECCION)
			VALUES (17484754, 'CESAR','ALCANTARA LOAYZA', 'calcantaral@unmsm.edu.pe', '1234', 944546876, 'Mz. Q Lote...');

INSERT INTO DBSEGSYL.USUARIO (ID_USUARIO, NOMBRE, APELLIDO, CORREO, PASSWORD, TELEFONO, DIRECCION)
			VALUES (19248754, 'CARLOS ERNESTO','CHAVEZ HERRERA', 'cchavezh@unmsm.edu.pe', '1234', 941011587, 'Mz. Q Lote...');

INSERT INTO DBSEGSYL.USUARIO (ID_USUARIO, NOMBRE, APELLIDO, CORREO, PASSWORD, TELEFONO, DIRECCION)
			VALUES (18595665, 'ARTURO ALEJANDRO','BARTRA MORE', 'abartram@unmsm.edu.pe', '1234', 958748778, 'Mz. Q Lote...');

INSERT INTO DBSEGSYL.USUARIO (ID_USUARIO, NOMBRE, APELLIDO, CORREO, PASSWORD, TELEFONO, DIRECCION)
			VALUES (18475665, 'MANUEL','TINEO YAURI', 'atineom@unmsm.edu.pe', '1234', 958744721, 'Mz. Q Lote...');

INSERT INTO DBSEGSYL.USUARIO (ID_USUARIO, NOMBRE, APELLIDO, CORREO, PASSWORD, TELEFONO, DIRECCION)
			VALUES (14545665, 'FANY YEXENIA','SOBERO RODRIGUEZ', 'fsoberoy@unmsm.edu.pe', '1234', 954581721, 'Mz. Q Lote...');

INSERT INTO DBSEGSYL.USUARIO (ID_USUARIO, NOMBRE, APELLIDO, CORREO, PASSWORD, TELEFONO, DIRECCION)
			VALUES (99999999, 'CURSO','POR ASIGNAR', 'aux@unmsm.edu.pe', '1234', 912345678, 'Mz. Q Lote...');

/********************************************************/
--TABLA DOCENTE
--Alarcon loayza
INSERT INTO DBSEGSYL.DOCENTE (ID_USUARIO, GRADO)
			VALUES (11456684,'MAGISTER');
--Bruno francescoli
INSERT INTO DBSEGSYL.DOCENTE (ID_USUARIO, GRADO)
			VALUES (42352332,'INGENIERO');
--Director sw
INSERT INTO DBSEGSYL.DOCENTE (ID_USUARIO, GRADO)
			VALUES (17067646,'DOCTORADO');
--Director sis
INSERT INTO DBSEGSYL.DOCENTE (ID_USUARIO, GRADO)
			VALUES (14058547,'DOCTORADO');
--Gonzales suarez
INSERT INTO DBSEGSYL.DOCENTE (ID_USUARIO, GRADO)
			VALUES (15485698,'DOCTORADO');
--Lopez villanueva
INSERT INTO DBSEGSYL.DOCENTE (ID_USUARIO, GRADO)
			VALUES (18895878,'INGENIERO');
--Gamarra moreno
INSERT INTO DBSEGSYL.DOCENTE (ID_USUARIO, GRADO)
			VALUES (12265875,'INGENIERO');
--Pantoja collantes
INSERT INTO DBSEGSYL.DOCENTE (ID_USUARIO, GRADO)
			VALUES (12458751,'MAGISTER');
--Alcantara loayza
INSERT INTO DBSEGSYL.DOCENTE (ID_USUARIO, GRADO)
			VALUES (17484754,'MAGISTER');
--Chavez herrera
INSERT INTO DBSEGSYL.DOCENTE (ID_USUARIO, GRADO)
			VALUES (19248754,'INGENIERO');
--Bartra more
INSERT INTO DBSEGSYL.DOCENTE (ID_USUARIO, GRADO)
			VALUES (18595665,'MAGISTER');
--Tineo yauri
INSERT INTO DBSEGSYL.DOCENTE (ID_USUARIO, GRADO)
			VALUES (18475665,'POR REGISTRAR');
--Sobero rodriguz
INSERT INTO DBSEGSYL.DOCENTE (ID_USUARIO, GRADO)
			VALUES (14545665,'MAGISTER');
--Por asignar
INSERT INTO DBSEGSYL.DOCENTE (ID_USUARIO, GRADO)
			VALUES (99999999,'POR REGISTRAR');


/********************************************************/

--TABLA ASIG_APERTURADA
--1
--INTRODUCCION A LA TEORIA GENERAL DE SISTEMAS
INSERT INTO DBSEGSYL.ASIGNATURA_APERTURADA (ID_ASIG_APERTURADA, ID_PERIODO, ID_ASIGNATURA, ID_COORDINADOR)
			VALUES (1, 6, 1, 99999999);
--CALCULO I
INSERT INTO DBSEGSYL.ASIGNATURA_APERTURADA (ID_ASIG_APERTURADA, ID_PERIODO, ID_ASIGNATURA, ID_COORDINADOR)
			VALUES (2, 6, 3, 99999999);
--MATEMATICA BASICA I
INSERT INTO DBSEGSYL.ASIGNATURA_APERTURADA (ID_ASIG_APERTURADA, ID_PERIODO, ID_ASIGNATURA, ID_COORDINADOR)
			VALUES (3, 6, 4, 99999999);
--2
--PROGRAMACION I
INSERT INTO DBSEGSYL.ASIGNATURA_APERTURADA (ID_ASIG_APERTURADA, ID_PERIODO, ID_ASIGNATURA, ID_COORDINADOR)
			VALUES (4, 6, 7, 99999999);
--MATEMATICAS DISCRETAS
INSERT INTO DBSEGSYL.ASIGNATURA_APERTURADA (ID_ASIG_APERTURADA, ID_PERIODO, ID_ASIGNATURA, ID_COORDINADOR)
			VALUES (5, 6, 8, 99999999);
--CALCULO II
INSERT INTO DBSEGSYL.ASIGNATURA_APERTURADA (ID_ASIG_APERTURADA, ID_PERIODO, ID_ASIGNATURA, ID_COORDINADOR)
			VALUES (6, 6, 9, 99999999);
--MATEMATICA BASICA II
INSERT INTO DBSEGSYL.ASIGNATURA_APERTURADA (ID_ASIG_APERTURADA, ID_PERIODO, ID_ASIGNATURA, ID_COORDINADOR)
			VALUES (7, 6, 10, 99999999);
--FISICA I
INSERT INTO DBSEGSYL.ASIGNATURA_APERTURADA (ID_ASIG_APERTURADA, ID_PERIODO, ID_ASIGNATURA, ID_COORDINADOR)
			VALUES (8, 6, 11, 99999999);
--3
--PROGRAMACION II
INSERT INTO DBSEGSYL.ASIGNATURA_APERTURADA (ID_ASIG_APERTURADA, ID_PERIODO, ID_ASIGNATURA, ID_COORDINADOR)
			VALUES (9, 6, 13, 99999999);
--SERIES Y ECUACIONES DIFERENCIALES
INSERT INTO DBSEGSYL.ASIGNATURA_APERTURADA (ID_ASIG_APERTURADA, ID_PERIODO, ID_ASIGNATURA, ID_COORDINADOR)
			VALUES (10, 6, 14, 99999999);
--ESTADISTICA Y PROBABILIDADES
INSERT INTO DBSEGSYL.ASIGNATURA_APERTURADA (ID_ASIG_APERTURADA, ID_PERIODO, ID_ASIGNATURA, ID_COORDINADOR)
			VALUES (11, 6, 15, 99999999);
--FISICA II
INSERT INTO DBSEGSYL.ASIGNATURA_APERTURADA (ID_ASIG_APERTURADA, ID_PERIODO, ID_ASIGNATURA, ID_COORDINADOR)
			VALUES (12, 6, 16, 99999999);
--ORGANIZACION Y ADMINISTRACION
INSERT INTO DBSEGSYL.ASIGNATURA_APERTURADA (ID_ASIG_APERTURADA, ID_PERIODO, ID_ASIGNATURA, ID_COORDINADOR)
			VALUES (13, 6, 17, 99999999);
--4
--ANALISIS Y DISEÑO DE ALGORITMOS
INSERT INTO DBSEGSYL.ASIGNATURA_APERTURADA (ID_ASIG_APERTURADA, ID_PERIODO, ID_ASIGNATURA, ID_COORDINADOR)
			VALUES (14, 6, 19, 99999999);
--ESTRUCTURA DE DATOS I
INSERT INTO DBSEGSYL.ASIGNATURA_APERTURADA (ID_ASIG_APERTURADA, ID_PERIODO, ID_ASIGNATURA, ID_COORDINADOR)
			VALUES (15, 6, 20, 99999999);
--METODOS NUMERICOS
INSERT INTO DBSEGSYL.ASIGNATURA_APERTURADA (ID_ASIG_APERTURADA, ID_PERIODO, ID_ASIGNATURA, ID_COORDINADOR)
			VALUES (16, 6, 21, 99999999);
--SISTEMAS DIGITALES
INSERT INTO DBSEGSYL.ASIGNATURA_APERTURADA (ID_ASIG_APERTURADA, ID_PERIODO, ID_ASIGNATURA, ID_COORDINADOR)
			VALUES (17, 6, 22, 99999999);
--ECONOMIA PARA GESTION
INSERT INTO DBSEGSYL.ASIGNATURA_APERTURADA (ID_ASIG_APERTURADA, ID_PERIODO, ID_ASIGNATURA, ID_COORDINADOR)
			VALUES (18, 6, 23, 99999999);
--IDIOMA EXTRANJERO IV
INSERT INTO DBSEGSYL.ASIGNATURA_APERTURADA (ID_ASIG_APERTURADA, ID_PERIODO, ID_ASIGNATURA, ID_COORDINADOR)
			VALUES (19, 6, 24, 99999999);
--5
--BASE DE DATOS I
INSERT INTO DBSEGSYL.ASIGNATURA_APERTURADA (ID_ASIG_APERTURADA, ID_PERIODO, ID_ASIGNATURA, ID_COORDINADOR)
			VALUES (20, 6, 25, 99999999);
--ESTRUCTURA DE DATOS II
INSERT INTO DBSEGSYL.ASIGNATURA_APERTURADA (ID_ASIG_APERTURADA, ID_PERIODO, ID_ASIGNATURA, ID_COORDINADOR)
			VALUES (21, 6, 26, 99999999);
--ARQUITECTURA DE COMPUTADORAS
INSERT INTO DBSEGSYL.ASIGNATURA_APERTURADA (ID_ASIG_APERTURADA, ID_PERIODO, ID_ASIGNATURA, ID_COORDINADOR)
			VALUES (22, 6, 27, 15485698);
--MODELAMIENTO Y REQUISITOS DE SOFTWARE
INSERT INTO DBSEGSYL.ASIGNATURA_APERTURADA (ID_ASIG_APERTURADA, ID_PERIODO, ID_ASIGNATURA, ID_COORDINADOR)
			VALUES (23, 6, 28, 99999999);
--LENGUAJES Y COMPILADORES
INSERT INTO DBSEGSYL.ASIGNATURA_APERTURADA (ID_ASIG_APERTURADA, ID_PERIODO, ID_ASIGNATURA, ID_COORDINADOR)
			VALUES (24, 6, 29, 99999999);
--6
--BASE DE DATOS II
INSERT INTO DBSEGSYL.ASIGNATURA_APERTURADA (ID_ASIG_APERTURADA, ID_PERIODO, ID_ASIGNATURA, ID_COORDINADOR)
			VALUES (25, 6, 31, 99999999);
--DISEÑO DE SOFTWARE
INSERT INTO DBSEGSYL.ASIGNATURA_APERTURADA (ID_ASIG_APERTURADA, ID_PERIODO, ID_ASIGNATURA, ID_COORDINADOR)
			VALUES (26, 6, 32, 99999999);
--INVESTIGACION DE OPERACIONES I
INSERT INTO DBSEGSYL.ASIGNATURA_APERTURADA (ID_ASIG_APERTURADA, ID_PERIODO, ID_ASIGNATURA, ID_COORDINADOR)
			VALUES (27, 6, 33, 99999999);
--SISTEMAS OPERATIVOS
INSERT INTO DBSEGSYL.ASIGNATURA_APERTURADA (ID_ASIG_APERTURADA, ID_PERIODO, ID_ASIGNATURA, ID_COORDINADOR)
			VALUES (28, 6, 34, 99999999);
--CONTABILIDAD DE GESTION
INSERT INTO DBSEGSYL.ASIGNATURA_APERTURADA (ID_ASIG_APERTURADA, ID_PERIODO, ID_ASIGNATURA, ID_COORDINADOR)
			VALUES (29, 6, 35, 99999999);
--IDIOMA EXTRANJERO VI
INSERT INTO DBSEGSYL.ASIGNATURA_APERTURADA (ID_ASIG_APERTURADA, ID_PERIODO, ID_ASIGNATURA, ID_COORDINADOR)
			VALUES (30, 6, 36, 99999999);
--7
--ARQUITECTURA DE SOFTWARE
INSERT INTO DBSEGSYL.ASIGNATURA_APERTURADA (ID_ASIG_APERTURADA, ID_PERIODO, ID_ASIGNATURA, ID_COORDINADOR)
			VALUES (31, 6, 37, 18895878);
--TALLER DE CONSTRUCCION DE SOFTWARE
INSERT INTO DBSEGSYL.ASIGNATURA_APERTURADA (ID_ASIG_APERTURADA, ID_PERIODO, ID_ASIGNATURA, ID_COORDINADOR)
			VALUES (32, 6, 38, 11456684);
--INVESTIGACION DE OPERACIONES II
INSERT INTO DBSEGSYL.ASIGNATURA_APERTURADA (ID_ASIG_APERTURADA, ID_PERIODO, ID_ASIGNATURA, ID_COORDINADOR)
			VALUES (33, 6, 39, 99999999);
--REDES Y TRANSMISION DE DATOS
INSERT INTO DBSEGSYL.ASIGNATURA_APERTURADA (ID_ASIG_APERTURADA, ID_PERIODO, ID_ASIGNATURA, ID_COORDINADOR)
			VALUES (34, 6, 40, 15485698);
--GERENCIA DE PROYECTO DE SOFTWARE
INSERT INTO DBSEGSYL.ASIGNATURA_APERTURADA (ID_ASIG_APERTURADA, ID_PERIODO, ID_ASIGNATURA, ID_COORDINADOR)
			VALUES (35, 6, 41, 99999999);
--8
--INTELIGENCIA ARTIFICIAL
INSERT INTO DBSEGSYL.ASIGNATURA_APERTURADA (ID_ASIG_APERTURADA, ID_PERIODO, ID_ASIGNATURA, ID_COORDINADOR)
			VALUES (36, 6, 42, 12265875);
--PRUEBA DE SOFTWARE
INSERT INTO DBSEGSYL.ASIGNATURA_APERTURADA (ID_ASIG_APERTURADA, ID_PERIODO, ID_ASIGNATURA, ID_COORDINADOR)
			VALUES (37, 6, 43, 18595665);
--CALIDAD DE SOFTWARE
INSERT INTO DBSEGSYL.ASIGNATURA_APERTURADA (ID_ASIG_APERTURADA, ID_PERIODO, ID_ASIGNATURA, ID_COORDINADOR)
			VALUES (38, 6, 44, 14545665);
--SEGURIDAD DE REDES
INSERT INTO DBSEGSYL.ASIGNATURA_APERTURADA (ID_ASIG_APERTURADA, ID_PERIODO, ID_ASIGNATURA, ID_COORDINADOR)
			VALUES (39, 6, 45, 12458751);
--GESTION DE TECNOLOGIAS DE LA INFORMACION
INSERT INTO DBSEGSYL.ASIGNATURA_APERTURADA (ID_ASIG_APERTURADA, ID_PERIODO, ID_ASIGNATURA, ID_COORDINADOR)
			VALUES (40, 6, 46, 17484754);
--9
--ETICA PROFESIONAL
INSERT INTO DBSEGSYL.ASIGNATURA_APERTURADA (ID_ASIG_APERTURADA, ID_PERIODO, ID_ASIGNATURA, ID_COORDINADOR)
			VALUES (41, 6, 47, 99999999);
--GESTION DE CONFIGURACION Y MANTENIMIENTO
INSERT INTO DBSEGSYL.ASIGNATURA_APERTURADA (ID_ASIG_APERTURADA, ID_PERIODO, ID_ASIGNATURA, ID_COORDINADOR)
			VALUES (42, 6, 48, 99999999);
--SISTEMAS INTELIGENTES
INSERT INTO DBSEGSYL.ASIGNATURA_APERTURADA (ID_ASIG_APERTURADA, ID_PERIODO, ID_ASIGNATURA, ID_COORDINADOR)
			VALUES (43, 6, 49, 19248754);
--PROYECTO DE TESIS I
INSERT INTO DBSEGSYL.ASIGNATURA_APERTURADA (ID_ASIG_APERTURADA, ID_PERIODO, ID_ASIGNATURA, ID_COORDINADOR)
			VALUES (44, 6, 50, 99999999);
--FINANZAS PARA GESTION
INSERT INTO DBSEGSYL.ASIGNATURA_APERTURADA (ID_ASIG_APERTURADA, ID_PERIODO, ID_ASIGNATURA, ID_COORDINADOR)
			VALUES (45, 6, 51, 99999999);
--10
--INTELIGENCIA DE NEGOCIOS
INSERT INTO DBSEGSYL.ASIGNATURA_APERTURADA (ID_ASIG_APERTURADA, ID_PERIODO, ID_ASIGNATURA, ID_COORDINADOR)
			VALUES (46, 6, 52, 99999999);
--PROYECTO DE TESIS II
INSERT INTO DBSEGSYL.ASIGNATURA_APERTURADA (ID_ASIG_APERTURADA, ID_PERIODO, ID_ASIGNATURA, ID_COORDINADOR)
			VALUES (47, 6, 56, 99999999);
--TENDENCIAS EN GESTION EMPRESARIAL
INSERT INTO DBSEGSYL.ASIGNATURA_APERTURADA (ID_ASIG_APERTURADA, ID_PERIODO, ID_ASIGNATURA, ID_COORDINADOR)
			VALUES (48, 6, 54, 99999999);
--TENDENCIAS EN INGENIERIA DE SOFTWARE
INSERT INTO DBSEGSYL.ASIGNATURA_APERTURADA (ID_ASIG_APERTURADA, ID_PERIODO, ID_ASIGNATURA, ID_COORDINADOR)
			VALUES (49, 6, 55, 99999999);
--CREATIVIDAD Y LIDERAZGO
INSERT INTO DBSEGSYL.ASIGNATURA_APERTURADA (ID_ASIG_APERTURADA, ID_PERIODO, ID_ASIGNATURA, ID_COORDINADOR)
			VALUES (50, 6, 56, 99999999);
--11
--E-BUSINNES
INSERT INTO DBSEGSYL.ASIGNATURA_APERTURADA (ID_ASIG_APERTURADA, ID_PERIODO, ID_ASIGNATURA, ID_COORDINADOR)
			VALUES (51, 6, 57, 19248754);
--DATAWAREHOUSE
INSERT INTO DBSEGSYL.ASIGNATURA_APERTURADA (ID_ASIG_APERTURADA, ID_PERIODO, ID_ASIGNATURA, ID_COORDINADOR)
			VALUES (52, 6, 58, 18595665);
--DISEÑO DE APLICACIONES WEB
INSERT INTO DBSEGSYL.ASIGNATURA_APERTURADA (ID_ASIG_APERTURADA, ID_PERIODO, ID_ASIGNATURA, ID_COORDINADOR)
			VALUES (53, 6, 59, 99999999);
--REDES NEURONALES
INSERT INTO DBSEGSYL.ASIGNATURA_APERTURADA (ID_ASIG_APERTURADA, ID_PERIODO, ID_ASIGNATURA, ID_COORDINADOR)
			VALUES (54, 6, 60, 99999999);

/********************************************************/
--TABLA GRUPO
--1
--ITGS
INSERT INTO DBSEGSYL.GRUPO (ID_GRUPO, NUMERO, ID_ASIG_APERTURADA)
			VALUES(1,1,1);
--CALCULOI
INSERT INTO DBSEGSYL.GRUPO (ID_GRUPO, NUMERO, ID_ASIG_APERTURADA)
			VALUES(2,1,2);
--MATEMATICA BASICA
INSERT INTO DBSEGSYL.GRUPO (ID_GRUPO, NUMERO, ID_ASIG_APERTURADA)
			VALUES(3,1,3);

INSERT INTO DBSEGSYL.GRUPO (ID_GRUPO, NUMERO, ID_ASIG_APERTURADA)
			VALUES(4,2,3);
--2
--PROGRAMACION I
INSERT INTO DBSEGSYL.GRUPO (ID_GRUPO, NUMERO, ID_ASIG_APERTURADA)
			VALUES(5,1,4);

INSERT INTO DBSEGSYL.GRUPO (ID_GRUPO, NUMERO, ID_ASIG_APERTURADA)
			VALUES(6,2,4);
--MATEMATICAS DISCRETAS
INSERT INTO DBSEGSYL.GRUPO (ID_GRUPO, NUMERO, ID_ASIG_APERTURADA)
			VALUES(7,1,5);

INSERT INTO DBSEGSYL.GRUPO (ID_GRUPO, NUMERO, ID_ASIG_APERTURADA)
			VALUES(8,2,5);
--CALCULO II
INSERT INTO DBSEGSYL.GRUPO (ID_GRUPO, NUMERO, ID_ASIG_APERTURADA)
			VALUES(9,1,6);

INSERT INTO DBSEGSYL.GRUPO (ID_GRUPO, NUMERO, ID_ASIG_APERTURADA)
			VALUES(10,2,6);
--MATEMATICA BASICA II
INSERT INTO DBSEGSYL.GRUPO (ID_GRUPO, NUMERO, ID_ASIG_APERTURADA)
			VALUES(11,1,7);

INSERT INTO DBSEGSYL.GRUPO (ID_GRUPO, NUMERO, ID_ASIG_APERTURADA)
			VALUES(12,2,7);
--FISICA I
INSERT INTO DBSEGSYL.GRUPO (ID_GRUPO, NUMERO, ID_ASIG_APERTURADA)
			VALUES(13,1,8);
--3
--PROGRAMACION II
INSERT INTO DBSEGSYL.GRUPO (ID_GRUPO, NUMERO, ID_ASIG_APERTURADA)
			VALUES(14,1,9);
--SERIES Y ECUACIONES DIFERENCIALES
INSERT INTO DBSEGSYL.GRUPO (ID_GRUPO, NUMERO, ID_ASIG_APERTURADA)
			VALUES(15,1,10);

INSERT INTO DBSEGSYL.GRUPO (ID_GRUPO, NUMERO, ID_ASIG_APERTURADA)
			VALUES(16,2,10);
--ESTADISTICA Y PROBABILIDADES
INSERT INTO DBSEGSYL.GRUPO (ID_GRUPO, NUMERO, ID_ASIG_APERTURADA)
			VALUES(17,1,11);

INSERT INTO DBSEGSYL.GRUPO (ID_GRUPO, NUMERO, ID_ASIG_APERTURADA)
			VALUES(18,2,11);
--FISICA II
INSERT INTO DBSEGSYL.GRUPO (ID_GRUPO, NUMERO, ID_ASIG_APERTURADA)
			VALUES(19,1,12);

INSERT INTO DBSEGSYL.GRUPO (ID_GRUPO, NUMERO, ID_ASIG_APERTURADA)
			VALUES(20,2,12);
--ORGANIZACION Y ADMINISTRACION
INSERT INTO DBSEGSYL.GRUPO (ID_GRUPO, NUMERO, ID_ASIG_APERTURADA)
			VALUES(21,1,13);
--4
--ANALISIS Y DISEÑO DE ALGORITMOS
INSERT INTO DBSEGSYL.GRUPO (ID_GRUPO, NUMERO, ID_ASIG_APERTURADA)
			VALUES(22,1,14);
--ESTRUCTURA DE DATOS I
INSERT INTO DBSEGSYL.GRUPO (ID_GRUPO, NUMERO, ID_ASIG_APERTURADA)
			VALUES(23,1,15);
--METODOS NUMERICOS
INSERT INTO DBSEGSYL.GRUPO (ID_GRUPO, NUMERO, ID_ASIG_APERTURADA)
			VALUES(24,1,16);
--SISTEMAS DIGITALES
INSERT INTO DBSEGSYL.GRUPO (ID_GRUPO, NUMERO, ID_ASIG_APERTURADA)
			VALUES(25,1,17);
--ECONOMIA PARA GESTION
INSERT INTO DBSEGSYL.GRUPO (ID_GRUPO, NUMERO, ID_ASIG_APERTURADA)
			VALUES(26,1,18);
--IDIOMA EXTRANJERO IV
INSERT INTO DBSEGSYL.GRUPO (ID_GRUPO, NUMERO, ID_ASIG_APERTURADA)
			VALUES(27,1,19);
--5
--BASE DE DATOS I
INSERT INTO DBSEGSYL.GRUPO (ID_GRUPO, NUMERO, ID_ASIG_APERTURADA)
			VALUES(28,1,20);
--ESTRUCTURA DE DATOS II
INSERT INTO DBSEGSYL.GRUPO (ID_GRUPO, NUMERO, ID_ASIG_APERTURADA)
			VALUES(29,1,21);
--ARQUITECTURA DE COMPUTADORAS
INSERT INTO DBSEGSYL.GRUPO (ID_GRUPO, NUMERO, ID_ASIG_APERTURADA)
			VALUES(30,1,22);
--MODELAMIENTO Y REQUISITOS DE SOFTWARE
INSERT INTO DBSEGSYL.GRUPO (ID_GRUPO, NUMERO, ID_ASIG_APERTURADA)
			VALUES(31,1,23);
--LENGUAJES Y COMPILADORES
INSERT INTO DBSEGSYL.GRUPO (ID_GRUPO, NUMERO, ID_ASIG_APERTURADA)
			VALUES(32,1,24);

INSERT INTO DBSEGSYL.GRUPO (ID_GRUPO, NUMERO, ID_ASIG_APERTURADA)
			VALUES(33,2,24);
--6
--BASE DE DATOS II
INSERT INTO DBSEGSYL.GRUPO (ID_GRUPO, NUMERO, ID_ASIG_APERTURADA)
			VALUES(34,1,25);

INSERT INTO DBSEGSYL.GRUPO (ID_GRUPO, NUMERO, ID_ASIG_APERTURADA)
			VALUES(35,2,25);
--DISEÑO DE SOFTWARE
INSERT INTO DBSEGSYL.GRUPO (ID_GRUPO, NUMERO, ID_ASIG_APERTURADA)
			VALUES(36,1,26);

INSERT INTO DBSEGSYL.GRUPO (ID_GRUPO, NUMERO, ID_ASIG_APERTURADA)
			VALUES(37,2,26);
--INVESTIGACION DE OPERACIONES I
INSERT INTO DBSEGSYL.GRUPO (ID_GRUPO, NUMERO, ID_ASIG_APERTURADA)
			VALUES(38,1,27);
--SISTEMAS OPERATIVOS
INSERT INTO DBSEGSYL.GRUPO (ID_GRUPO, NUMERO, ID_ASIG_APERTURADA)
			VALUES(39,1,28);

INSERT INTO DBSEGSYL.GRUPO (ID_GRUPO, NUMERO, ID_ASIG_APERTURADA)
			VALUES(40,2,28);
--CONTABILIDAD DE GESTION
INSERT INTO DBSEGSYL.GRUPO (ID_GRUPO, NUMERO, ID_ASIG_APERTURADA)
			VALUES(41,1,29);
--IDIOMA EXTRANJERO VI
INSERT INTO DBSEGSYL.GRUPO (ID_GRUPO, NUMERO, ID_ASIG_APERTURADA)
			VALUES(42,1,30);

INSERT INTO DBSEGSYL.GRUPO (ID_GRUPO, NUMERO, ID_ASIG_APERTURADA)
			VALUES(43,2,30);
--7
--ARQUITECTURA DE SOFTWARE
INSERT INTO DBSEGSYL.GRUPO (ID_GRUPO, NUMERO, ID_ASIG_APERTURADA)
			VALUES(44,1,31);
--TALLER DE CONSTRUCCION DE SOFTWARE
INSERT INTO DBSEGSYL.GRUPO (ID_GRUPO, NUMERO, ID_ASIG_APERTURADA)
			VALUES(45,1,32);
--INVESTIGACION DE OPERACIONES II
INSERT INTO DBSEGSYL.GRUPO (ID_GRUPO, NUMERO, ID_ASIG_APERTURADA)
			VALUES(46,1,33);
--REDES Y TRANSIMISION DE DATOS
INSERT INTO DBSEGSYL.GRUPO (ID_GRUPO, NUMERO, ID_ASIG_APERTURADA)
			VALUES(47,1,34);
--GERENCIA DE PROYECTO DE SOFTWARE
INSERT INTO DBSEGSYL.GRUPO (ID_GRUPO, NUMERO, ID_ASIG_APERTURADA)
			VALUES(48,1,35);

INSERT INTO DBSEGSYL.GRUPO (ID_GRUPO, NUMERO, ID_ASIG_APERTURADA)
			VALUES(49,2,35);
--8
--INTELIGENCIA ARTIFICIAL
INSERT INTO DBSEGSYL.GRUPO (ID_GRUPO, NUMERO, ID_ASIG_APERTURADA)
			VALUES(50,1,36);
--PRUEBA DE SOFTWARE
INSERT INTO DBSEGSYL.GRUPO (ID_GRUPO, NUMERO, ID_ASIG_APERTURADA)
			VALUES(51,1,37);
--CALIDAD DE SOFTWARE
INSERT INTO DBSEGSYL.GRUPO (ID_GRUPO, NUMERO, ID_ASIG_APERTURADA)
			VALUES(52,1,38);
--SEGURIDAD DE REDES
INSERT INTO DBSEGSYL.GRUPO (ID_GRUPO, NUMERO, ID_ASIG_APERTURADA)
			VALUES(53,1,39);

INSERT INTO DBSEGSYL.GRUPO (ID_GRUPO, NUMERO, ID_ASIG_APERTURADA)
			VALUES(54,2,39);
--GESTION DE TECNOLOGIAS DE LA INFORMACION
INSERT INTO DBSEGSYL.GRUPO (ID_GRUPO, NUMERO, ID_ASIG_APERTURADA)
			VALUES(55,1,40);
--9
--ETICA PROFESIONAL
INSERT INTO DBSEGSYL.GRUPO (ID_GRUPO, NUMERO, ID_ASIG_APERTURADA)
			VALUES(56,1,41);
--GESTION DE CONFIGURACION Y MANTENIMIENTO
INSERT INTO DBSEGSYL.GRUPO (ID_GRUPO, NUMERO, ID_ASIG_APERTURADA)
			VALUES(57,1,42);
--SISTEMAS INTELIGENTES
INSERT INTO DBSEGSYL.GRUPO (ID_GRUPO, NUMERO, ID_ASIG_APERTURADA)
			VALUES(58,1,43);
--PROYECTO DE TESIS I
INSERT INTO DBSEGSYL.GRUPO (ID_GRUPO, NUMERO, ID_ASIG_APERTURADA)
			VALUES(59,1,44);

INSERT INTO DBSEGSYL.GRUPO (ID_GRUPO, NUMERO, ID_ASIG_APERTURADA)
			VALUES(60,2,44);

INSERT INTO DBSEGSYL.GRUPO (ID_GRUPO, NUMERO, ID_ASIG_APERTURADA)
			VALUES(61,3,44);

INSERT INTO DBSEGSYL.GRUPO (ID_GRUPO, NUMERO, ID_ASIG_APERTURADA)
			VALUES(62,4,44);

INSERT INTO DBSEGSYL.GRUPO (ID_GRUPO, NUMERO, ID_ASIG_APERTURADA)
			VALUES(63,5,44);
--FINANZAS PARA GESTION
INSERT INTO DBSEGSYL.GRUPO (ID_GRUPO, NUMERO, ID_ASIG_APERTURADA)
			VALUES(64,1,45);

INSERT INTO DBSEGSYL.GRUPO (ID_GRUPO, NUMERO, ID_ASIG_APERTURADA)
			VALUES(65,2,45);
--10
--INTELIGENCIA DE NEGOCIOS
INSERT INTO DBSEGSYL.GRUPO (ID_GRUPO, NUMERO, ID_ASIG_APERTURADA)
			VALUES(66,1,46);
--PROYECTO DE TESIS II
INSERT INTO DBSEGSYL.GRUPO (ID_GRUPO, NUMERO, ID_ASIG_APERTURADA)
			VALUES(67,1,47);

INSERT INTO DBSEGSYL.GRUPO (ID_GRUPO, NUMERO, ID_ASIG_APERTURADA)
			VALUES(68,2,47);

INSERT INTO DBSEGSYL.GRUPO (ID_GRUPO, NUMERO, ID_ASIG_APERTURADA)
			VALUES(69,3,47);

INSERT INTO DBSEGSYL.GRUPO (ID_GRUPO, NUMERO, ID_ASIG_APERTURADA)
			VALUES(70,4,47);

INSERT INTO DBSEGSYL.GRUPO (ID_GRUPO, NUMERO, ID_ASIG_APERTURADA)
			VALUES(71,5,47);
--TENDENCIAS EN GESTION EMPRESARIAL
INSERT INTO DBSEGSYL.GRUPO (ID_GRUPO, NUMERO, ID_ASIG_APERTURADA)
			VALUES(72,1,48);
--TENDENCIAS EN INGENIERIA DE SOFTWARE
INSERT INTO DBSEGSYL.GRUPO (ID_GRUPO, NUMERO, ID_ASIG_APERTURADA)
			VALUES(73,1,49);
--CREATIVIDAD Y LIDERAZGO
INSERT INTO DBSEGSYL.GRUPO (ID_GRUPO, NUMERO, ID_ASIG_APERTURADA)
			VALUES(74,1,50);
--11
--E-BUSINNES
INSERT INTO DBSEGSYL.GRUPO (ID_GRUPO, NUMERO, ID_ASIG_APERTURADA)
			VALUES(75,1,51);
--DATAWAREHOUSE
INSERT INTO DBSEGSYL.GRUPO (ID_GRUPO, NUMERO, ID_ASIG_APERTURADA)
			VALUES(76,1,52);
--DISEÑO DE APLICACIONES WEB
INSERT INTO DBSEGSYL.GRUPO (ID_GRUPO, NUMERO, ID_ASIG_APERTURADA)
			VALUES(77,1,53);
--REDES NEURONALES
INSERT INTO DBSEGSYL.GRUPO (ID_GRUPO, NUMERO, ID_ASIG_APERTURADA)
			VALUES(78,1,54);

/********************************************************/
--TABLA ESTADO_SYLLABUS
INSERT INTO DBSEGSYL.ESTADO_SYLLABUS (ID_ESTADO_SYLLABUS, DESCRIPCION)
			VALUES(1, 'EN ESPERA');

INSERT INTO DBSEGSYL.ESTADO_SYLLABUS (ID_ESTADO_SYLLABUS, DESCRIPCION)
			VALUES(2, 'ACEPTADO');

INSERT INTO DBSEGSYL.ESTADO_SYLLABUS (ID_ESTADO_SYLLABUS, DESCRIPCION)
			VALUES(3, 'RECHAZADO');

/********************************************************/
--TABLA SYLLABUS
INSERT INTO DBSEGSYL.SYLLABUS (ID_SYLLABUS, ID_ESTADO, FECHA_ENTREGA, FECHA_APROBACION, ID_ASIG_APERTURADA)
			VALUES(31, 1, TO_DATE('15/08/2016','DD/MM/YYYY'), TO_DATE('25/08/2016','DD/MM/YYYY'), 31);

INSERT INTO DBSEGSYL.SYLLABUS (ID_SYLLABUS, ID_ESTADO, FECHA_ENTREGA, FECHA_APROBACION, ID_ASIG_APERTURADA)
			VALUES(32, 1, TO_DATE('15/08/2016','DD/MM/YYYY'), TO_DATE('25/08/2016','DD/MM/YYYY'), 32);

INSERT INTO DBSEGSYL.SYLLABUS (ID_SYLLABUS, ID_ESTADO, FECHA_ENTREGA, FECHA_APROBACION, ID_ASIG_APERTURADA)
			VALUES(34, 2, TO_DATE('15/08/2016','DD/MM/YYYY'), TO_DATE('25/08/2016','DD/MM/YYYY'), 34);

INSERT INTO DBSEGSYL.SYLLABUS (ID_SYLLABUS, ID_ESTADO, FECHA_ENTREGA, FECHA_APROBACION, ID_ASIG_APERTURADA)
			VALUES(36, 2, TO_DATE('15/08/2016','DD/MM/YYYY'), TO_DATE('25/08/2016','DD/MM/YYYY'), 36);

INSERT INTO DBSEGSYL.SYLLABUS (ID_SYLLABUS, ID_ESTADO, FECHA_ENTREGA, FECHA_APROBACION, ID_ASIG_APERTURADA)
			VALUES(38, 2, TO_DATE('15/08/2016','DD/MM/YYYY'), TO_DATE('25/08/2016','DD/MM/YYYY'), 38);

INSERT INTO DBSEGSYL.SYLLABUS (ID_SYLLABUS, ID_ESTADO, FECHA_ENTREGA, FECHA_APROBACION, ID_ASIG_APERTURADA)
			VALUES(39, 2, TO_DATE('15/08/2016','DD/MM/YYYY'), TO_DATE('25/08/2016','DD/MM/YYYY'), 39);

INSERT INTO DBSEGSYL.SYLLABUS (ID_SYLLABUS, ID_ESTADO, FECHA_ENTREGA, FECHA_APROBACION, ID_ASIG_APERTURADA)
			VALUES(40, 2, TO_DATE('15/08/2016','DD/MM/YYYY'), TO_DATE('25/08/2016','DD/MM/YYYY'), 40);

INSERT INTO DBSEGSYL.SYLLABUS (ID_SYLLABUS, ID_ESTADO, FECHA_ENTREGA, FECHA_APROBACION, ID_ASIG_APERTURADA)
			VALUES(43, 1, TO_DATE('15/08/2016','DD/MM/YYYY'), TO_DATE('25/08/2016','DD/MM/YYYY'), 43);

INSERT INTO DBSEGSYL.SYLLABUS (ID_SYLLABUS, ID_ESTADO, FECHA_ENTREGA, FECHA_APROBACION, ID_ASIG_APERTURADA)
			VALUES(51, 3, TO_DATE('15/08/2016','DD/MM/YYYY'), TO_DATE('25/08/2016','DD/MM/YYYY'), 51);

INSERT INTO DBSEGSYL.SYLLABUS (ID_SYLLABUS, ID_ESTADO, FECHA_ENTREGA, FECHA_APROBACION, ID_ASIG_APERTURADA)
			VALUES(52, 3, TO_DATE('15/08/2016','DD/MM/YYYY'), TO_DATE('25/08/2016','DD/MM/YYYY'), 52);

/********************************************************/
--TABLA DIA
INSERT INTO DBSEGSYL.DIA (ID_DIA, DESCRIPCION)
			VALUES(1, 'LUNES');

INSERT INTO DBSEGSYL.DIA (ID_DIA, DESCRIPCION)
			VALUES(2, 'MARTES');

INSERT INTO DBSEGSYL.DIA (ID_DIA, DESCRIPCION)
			VALUES(3, 'MIERCOLES');

INSERT INTO DBSEGSYL.DIA (ID_DIA, DESCRIPCION)
			VALUES(4, 'JUEVES');

INSERT INTO DBSEGSYL.DIA (ID_DIA, DESCRIPCION)
			VALUES(5, 'VIERNES');

INSERT INTO DBSEGSYL.DIA (ID_DIA, DESCRIPCION)
			VALUES(6, 'SABADO');

INSERT INTO DBSEGSYL.DIA (ID_DIA, DESCRIPCION)
			VALUES(7, 'DOMINGO');

/********************************************************/
--TABLA TIPO_CLASE
INSERT INTO DBSEGSYL.TIPO_CLASE (ID_TIPO_CLASE, DESCRIPCION)
			VALUES(1, 'TEORIA');

INSERT INTO DBSEGSYL.TIPO_CLASE (ID_TIPO_CLASE, DESCRIPCION)
			VALUES(2, 'PRACTICA');

INSERT INTO DBSEGSYL.TIPO_CLASE (ID_TIPO_CLASE, DESCRIPCION)
			VALUES(3, 'LABORATORIO');

INSERT INTO DBSEGSYL.TIPO_CLASE (ID_TIPO_CLASE, DESCRIPCION)
			VALUES(4, 'OTRO');

/********************************************************/
--TABLA CLASE
--VERIFICAR EL TIMESTAMP PARA QUE CORTE FECHA
--E-bussines
INSERT INTO DBSEGSYL.CLASE (ID_CLASE, HORA_INICIO, HORA_FIN, ID_DIA, ID_TIPO, ID_GRUPO, ID_DOCENTE)
			VALUES(1, TO_TIMESTAMP('16:00:00','HH24:MI:SS'), TO_TIMESTAMP('19:00:00','HH24:MI:SS'), 1, 1, 75, 19248754);
--Arquitectura de software teoría
INSERT INTO DBSEGSYL.CLASE (ID_CLASE, HORA_INICIO, HORA_FIN, ID_DIA, ID_TIPO, ID_GRUPO, ID_DOCENTE)
			VALUES(2, TO_TIMESTAMP('17:00:00','HH24:MI:SS'), TO_TIMESTAMP('20:00:00','HH24:MI:SS'), 2, 1, 44, 18895878);
--Arquitectura de Sw laboratorio
INSERT INTO DBSEGSYL.CLASE (ID_CLASE, HORA_INICIO, HORA_FIN, ID_DIA, ID_TIPO, ID_GRUPO, ID_DOCENTE)
			VALUES(3, TO_TIMESTAMP('20:00:00','HH24:MI:SS'), TO_TIMESTAMP('22:00:00','HH24:MI:SS'), 2, 2, 44, 18895878);
--Seguridad de redes teoria
INSERT INTO DBSEGSYL.CLASE (ID_CLASE, HORA_INICIO, HORA_FIN, ID_DIA, ID_TIPO, ID_GRUPO, ID_DOCENTE)
			VALUES(4, TO_TIMESTAMP('19:00:00','HH24:MI:SS'), TO_TIMESTAMP('22:00:00','HH24:MI:SS'), 3, 1, 53, 12458751);
--Seguridad de redes laboratorio
INSERT INTO DBSEGSYL.CLASE (ID_CLASE, HORA_INICIO, HORA_FIN, ID_DIA, ID_TIPO, ID_GRUPO, ID_DOCENTE)
			VALUES(5, TO_TIMESTAMP('20:00:00','HH24:MI:SS'), TO_TIMESTAMP('22:00:00','HH24:MI:SS'), 4, 2, 53, 18475665);
--Gestion de tecnologias de informacion
INSERT INTO DBSEGSYL.CLASE (ID_CLASE, HORA_INICIO, HORA_FIN, ID_DIA, ID_TIPO, ID_GRUPO, ID_DOCENTE)
			VALUES(6, TO_TIMESTAMP('17:00:00','HH24:MI:SS'), TO_TIMESTAMP('20:00:00','HH24:MI:SS'), 5, 1, 55, 17484754);
--Taller de construccion de software
INSERT INTO DBSEGSYL.CLASE (ID_CLASE, HORA_INICIO, HORA_FIN, ID_DIA, ID_TIPO, ID_GRUPO, ID_DOCENTE)
			VALUES(7, TO_TIMESTAMP('14:00:00','HH24:MI:SS'), TO_TIMESTAMP('20:00:00','HH24:MI:SS'), 6, 1, 45, 11456684);
--Redes y transmision de datos teoria
INSERT INTO DBSEGSYL.CLASE (ID_CLASE, HORA_INICIO, HORA_FIN, ID_DIA, ID_TIPO, ID_GRUPO, ID_DOCENTE)
			VALUES(8, TO_TIMESTAMP('19:00:00','HH24:MI:SS'), TO_TIMESTAMP('22:00:00','HH24:MI:SS'), 1, 1, 47, 15485698);
--Redes y transimision de datos laboratorio
INSERT INTO DBSEGSYL.CLASE (ID_CLASE, HORA_INICIO, HORA_FIN, ID_DIA, ID_TIPO, ID_GRUPO, ID_DOCENTE)
			VALUES(9, TO_TIMESTAMP('11:00:00','HH24:MI:SS'), TO_TIMESTAMP('13:00:00','HH24:MI:SS'), 6, 2, 47, 15485698);
--Calidad de software
INSERT INTO DBSEGSYL.CLASE (ID_CLASE, HORA_INICIO, HORA_FIN, ID_DIA, ID_TIPO, ID_GRUPO, ID_DOCENTE)
			VALUES(10, TO_TIMESTAMP('17:00:00','HH24:MI:SS'), TO_TIMESTAMP('22:00:00','HH24:MI:SS'), 2, 1, 52, 14545665);
--Sistemas inteligentes
INSERT INTO DBSEGSYL.CLASE (ID_CLASE, HORA_INICIO, HORA_FIN, ID_DIA, ID_TIPO, ID_GRUPO, ID_DOCENTE)
			VALUES(11, TO_TIMESTAMP('17:00:00','HH24:MI:SS'), TO_TIMESTAMP('22:00:00','HH24:MI:SS'), 4, 1, 58, 19248754);
--Datawarehouse
INSERT INTO DBSEGSYL.CLASE (ID_CLASE, HORA_INICIO, HORA_FIN, ID_DIA, ID_TIPO, ID_GRUPO, ID_DOCENTE)
			VALUES(12, TO_TIMESTAMP('18:00:00','HH24:MI:SS'), TO_TIMESTAMP('22:00:00','HH24:MI:SS'), 2, 1, 74, 18595665);
--Inteligencia artificial teoria
INSERT INTO DBSEGSYL.CLASE (ID_CLASE, HORA_INICIO, HORA_FIN, ID_DIA, ID_TIPO, ID_GRUPO, ID_DOCENTE)
			VALUES(13, TO_TIMESTAMP('18:00:00','HH24:MI:SS'), TO_TIMESTAMP('22:00:00','HH24:MI:SS'), 1, 1, 50, 12265875);
--Inteligencia artificial laboratorio
INSERT INTO DBSEGSYL.CLASE (ID_CLASE, HORA_INICIO, HORA_FIN, ID_DIA, ID_TIPO, ID_GRUPO, ID_DOCENTE)
			VALUES(14, TO_TIMESTAMP('12:00:00','HH24:MI:SS'), TO_TIMESTAMP('14:00:00','HH24:MI:SS'), 6, 2, 50, 12265875);


/********************************************************/
--TABLA ALUMNO
INSERT INTO DBSEGSYL.ALUMNO (ID_EAP, ID_USUARIO, SITUACION)
			VALUES(2, 44270511, 'R');

INSERT INTO DBSEGSYL.ALUMNO (ID_EAP, ID_USUARIO, SITUACION)
			VALUES(2, 46096121, 'R');

INSERT INTO DBSEGSYL.ALUMNO (ID_EAP, ID_USUARIO, SITUACION)
			VALUES(2, 47655156, 'R');

INSERT INTO DBSEGSYL.ALUMNO (ID_EAP, ID_USUARIO, SITUACION)
			VALUES(2, 70126281, 'R');

INSERT INTO DBSEGSYL.ALUMNO (ID_EAP, ID_USUARIO, SITUACION)
			VALUES(2, 48987458, 'R');

INSERT INTO DBSEGSYL.ALUMNO (ID_EAP, ID_USUARIO, SITUACION)
			VALUES(2, 47590936, 'R');

INSERT INTO DBSEGSYL.ALUMNO (ID_EAP, ID_USUARIO, SITUACION)
			VALUES(2, 76726604, 'R');

INSERT INTO DBSEGSYL.ALUMNO (ID_EAP, ID_USUARIO, SITUACION)
			VALUES(2, 43554891, 'O');



/********************************************************/
--TABLA MATRICULA

INSERT INTO DBSEGSYL.MATRICULA (ID_MATRICULA, ID_ALUMNO, ID_GRUPO)
			VALUES(1, 44270511, 75);

INSERT INTO DBSEGSYL.MATRICULA (ID_MATRICULA, ID_ALUMNO, ID_GRUPO)
			VALUES(2, 44270511, 44);

INSERT INTO DBSEGSYL.MATRICULA (ID_MATRICULA, ID_ALUMNO, ID_GRUPO)
			VALUES(3, 44270511, 53);

INSERT INTO DBSEGSYL.MATRICULA (ID_MATRICULA, ID_ALUMNO, ID_GRUPO)
			VALUES(4, 44270511, 55);

INSERT INTO DBSEGSYL.MATRICULA (ID_MATRICULA, ID_ALUMNO, ID_GRUPO)
			VALUES(5, 44270511, 45);

INSERT INTO DBSEGSYL.MATRICULA (ID_MATRICULA, ID_ALUMNO, ID_GRUPO)
			VALUES(6, 46096121, 47);

INSERT INTO DBSEGSYL.MATRICULA (ID_MATRICULA, ID_ALUMNO, ID_GRUPO)
			VALUES(7, 46096121, 52);

INSERT INTO DBSEGSYL.MATRICULA (ID_MATRICULA, ID_ALUMNO, ID_GRUPO)
			VALUES(8, 46096121, 58);

INSERT INTO DBSEGSYL.MATRICULA (ID_MATRICULA, ID_ALUMNO, ID_GRUPO)
			VALUES(9, 46096121, 55);

INSERT INTO DBSEGSYL.MATRICULA (ID_MATRICULA, ID_ALUMNO, ID_GRUPO)
			VALUES(10, 46096121, 45);

INSERT INTO DBSEGSYL.MATRICULA (ID_MATRICULA, ID_ALUMNO, ID_GRUPO)
			VALUES(11, 47655156, 47);

INSERT INTO DBSEGSYL.MATRICULA (ID_MATRICULA, ID_ALUMNO, ID_GRUPO)
			VALUES(12, 47655156, 44);

INSERT INTO DBSEGSYL.MATRICULA (ID_MATRICULA, ID_ALUMNO, ID_GRUPO)
			VALUES(13, 47655156, 58);

INSERT INTO DBSEGSYL.MATRICULA (ID_MATRICULA, ID_ALUMNO, ID_GRUPO)
			VALUES(14, 47655156, 55);

INSERT INTO DBSEGSYL.MATRICULA (ID_MATRICULA, ID_ALUMNO, ID_GRUPO)
			VALUES(15, 47655156, 45);

INSERT INTO DBSEGSYL.MATRICULA (ID_MATRICULA, ID_ALUMNO, ID_GRUPO)
			VALUES(16, 70126281, 75);

INSERT INTO DBSEGSYL.MATRICULA (ID_MATRICULA, ID_ALUMNO, ID_GRUPO)
			VALUES(17, 70126281, 52);

INSERT INTO DBSEGSYL.MATRICULA (ID_MATRICULA, ID_ALUMNO, ID_GRUPO)
			VALUES(18, 70126281, 53);

INSERT INTO DBSEGSYL.MATRICULA (ID_MATRICULA, ID_ALUMNO, ID_GRUPO)
			VALUES(19, 70126281, 55);

INSERT INTO DBSEGSYL.MATRICULA (ID_MATRICULA, ID_ALUMNO, ID_GRUPO)
			VALUES(20, 70126281, 45);

INSERT INTO DBSEGSYL.MATRICULA (ID_MATRICULA, ID_ALUMNO, ID_GRUPO)
			VALUES(21, 48987458, 47);

INSERT INTO DBSEGSYL.MATRICULA (ID_MATRICULA, ID_ALUMNO, ID_GRUPO)
			VALUES(22, 48987458, 52);

INSERT INTO DBSEGSYL.MATRICULA (ID_MATRICULA, ID_ALUMNO, ID_GRUPO)
			VALUES(23, 48987458, 58);

INSERT INTO DBSEGSYL.MATRICULA (ID_MATRICULA, ID_ALUMNO, ID_GRUPO)
			VALUES(24, 48987458, 55);

INSERT INTO DBSEGSYL.MATRICULA (ID_MATRICULA, ID_ALUMNO, ID_GRUPO)
			VALUES(25, 48987458, 45);

INSERT INTO DBSEGSYL.MATRICULA (ID_MATRICULA, ID_ALUMNO, ID_GRUPO)
			VALUES(26, 47590936, 47);

INSERT INTO DBSEGSYL.MATRICULA (ID_MATRICULA, ID_ALUMNO, ID_GRUPO)
			VALUES(27, 47590936, 76);

INSERT INTO DBSEGSYL.MATRICULA (ID_MATRICULA, ID_ALUMNO, ID_GRUPO)
			VALUES(28, 47590936, 58);

INSERT INTO DBSEGSYL.MATRICULA (ID_MATRICULA, ID_ALUMNO, ID_GRUPO)
			VALUES(29, 47590936, 45);

INSERT INTO DBSEGSYL.MATRICULA (ID_MATRICULA, ID_ALUMNO, ID_GRUPO)
			VALUES(30, 76726604, 50);

INSERT INTO DBSEGSYL.MATRICULA (ID_MATRICULA, ID_ALUMNO, ID_GRUPO)
			VALUES(31, 76726604, 44);

INSERT INTO DBSEGSYL.MATRICULA (ID_MATRICULA, ID_ALUMNO, ID_GRUPO)
			VALUES(32, 76726604, 53);

INSERT INTO DBSEGSYL.MATRICULA (ID_MATRICULA, ID_ALUMNO, ID_GRUPO)
			VALUES(33, 76726604, 55);

INSERT INTO DBSEGSYL.MATRICULA (ID_MATRICULA, ID_ALUMNO, ID_GRUPO)
			VALUES(34, 76726604, 45);



/********************************************************/
--TABLA SESION
--ESTADO EN CODIGO_GENERAL_DET
--E-business
INSERT INTO DBSEGSYL.SESION (ID_SESION, ESTADO, FECHA, ID_CLASE)
			VALUES(1, 'C', TO_DATE('31/10/2016','DD/MM/YYYY'), 1);
--Redes y transmision de datos teoria
INSERT INTO DBSEGSYL.SESION (ID_SESION, ESTADO, FECHA, ID_CLASE)
			VALUES(2, 'C', TO_DATE('31/10/2016','DD/MM/YYYY'), 8);
--Inteligencia artificial
INSERT INTO DBSEGSYL.SESION (ID_SESION, ESTADO, FECHA, ID_CLASE)
			VALUES(3, 'C', TO_DATE('31/10/2016','DD/MM/YYYY'), 13);
--Arquitectura de software teoría
INSERT INTO DBSEGSYL.SESION (ID_SESION, ESTADO, FECHA, ID_CLASE)
			VALUES(4, 'T', TO_DATE('01/11/2016','DD/MM/YYYY'), 2);
--Arquitectura de software laboratorio
INSERT INTO DBSEGSYL.SESION (ID_SESION, ESTADO, FECHA, ID_CLASE)
			VALUES(5, 'T', TO_DATE('01/11/2016','DD/MM/YYYY'), 3);
--Calidad de software
INSERT INTO DBSEGSYL.SESION (ID_SESION, ESTADO, FECHA, ID_CLASE)
			VALUES(6, 'T', TO_DATE('01/11/2016','DD/MM/YYYY'), 10);
--Datawarehouse
INSERT INTO DBSEGSYL.SESION (ID_SESION, ESTADO, FECHA, ID_CLASE)
			VALUES(7, 'C', TO_DATE('01/11/2016','DD/MM/YYYY'), 12);
--Seguridad de redes teoria
INSERT INTO DBSEGSYL.SESION (ID_SESION, ESTADO, FECHA, ID_CLASE)
			VALUES(8, 'T', TO_DATE('02/11/2016','DD/MM/YYYY'), 4);
--Seguridad de redes laboratorio
INSERT INTO DBSEGSYL.SESION (ID_SESION, ESTADO, FECHA, ID_CLASE)
			VALUES(9, 'T', TO_DATE('03/11/2016','DD/MM/YYYY'), 5);
--Sistemas inteligentes
INSERT INTO DBSEGSYL.SESION (ID_SESION, ESTADO, FECHA, ID_CLASE)
			VALUES(10, 'T', TO_DATE('03/11/2016','DD/MM/YYYY'), 11);
--Gestion de tecnologias de informacion
INSERT INTO DBSEGSYL.SESION (ID_SESION, ESTADO, FECHA, ID_CLASE)
			VALUES(11, 'P', TO_DATE('04/11/2016','DD/MM/YYYY'), 6);
--Redes y transmision de datos laboratorio
INSERT INTO DBSEGSYL.SESION (ID_SESION, ESTADO, FECHA, ID_CLASE)
			VALUES(12, 'T', TO_DATE('05/11/2016','DD/MM/YYYY'), 9);
--Inteligencia artificial laboratorio
INSERT INTO DBSEGSYL.SESION (ID_SESION, ESTADO, FECHA, ID_CLASE)
			VALUES(13, 'C', TO_DATE('05/11/2016','DD/MM/YYYY'), 14);
--Taller de construccion de software
INSERT INTO DBSEGSYL.SESION (ID_SESION, ESTADO, FECHA, ID_CLASE)
			VALUES(14, 'T', TO_DATE('05/11/2016','DD/MM/YYYY'), 7);
--E-business
INSERT INTO DBSEGSYL.SESION (ID_SESION, ESTADO, FECHA, ID_CLASE)
			VALUES(15, 'C', TO_DATE('07/11/2016','DD/MM/YYYY'), 1);
--Redes y transmision de datos teoria
INSERT INTO DBSEGSYL.SESION (ID_SESION, ESTADO, FECHA, ID_CLASE)
			VALUES(16, 'C', TO_DATE('07/11/2016','DD/MM/YYYY'), 8);
--Inteligencia artificial
INSERT INTO DBSEGSYL.SESION (ID_SESION, ESTADO, FECHA, ID_CLASE)
			VALUES(17, 'C', TO_DATE('07/11/2016','DD/MM/YYYY'), 13);
--Arquitectura de software teoría
INSERT INTO DBSEGSYL.SESION (ID_SESION, ESTADO, FECHA, ID_CLASE)
			VALUES(18, 'T', TO_DATE('08/11/2016','DD/MM/YYYY'), 2);
--Arquitectura de software laboratorio
INSERT INTO DBSEGSYL.SESION (ID_SESION, ESTADO, FECHA, ID_CLASE)
			VALUES(19, 'P', TO_DATE('08/11/2016','DD/MM/YYYY'), 3);
--Calidad de software
INSERT INTO DBSEGSYL.SESION (ID_SESION, ESTADO, FECHA, ID_CLASE)
			VALUES(20, 'C', TO_DATE('08/11/2016','DD/MM/YYYY'), 10);
--Datawarehouse
INSERT INTO DBSEGSYL.SESION (ID_SESION, ESTADO, FECHA, ID_CLASE)
			VALUES(21, 'C', TO_DATE('08/11/2016','DD/MM/YYYY'), 12);
--Seguridad de redes teoria
INSERT INTO DBSEGSYL.SESION (ID_SESION, ESTADO, FECHA, ID_CLASE)
			VALUES(22, 'T', TO_DATE('09/11/2016','DD/MM/YYYY'), 4);
--Seguridad de redes laboratorio
INSERT INTO DBSEGSYL.SESION (ID_SESION, ESTADO, FECHA, ID_CLASE)
			VALUES(23, 'C', TO_DATE('10/11/2016','DD/MM/YYYY'), 5);
--Sistemas inteligentes
INSERT INTO DBSEGSYL.SESION (ID_SESION, ESTADO, FECHA, ID_CLASE)
			VALUES(24, 'T', TO_DATE('10/11/2016','DD/MM/YYYY'), 11);
--Gestion de tecnologias de informacion
INSERT INTO DBSEGSYL.SESION (ID_SESION, ESTADO, FECHA, ID_CLASE)
			VALUES(25, 'T', TO_DATE('11/11/2016','DD/MM/YYYY'), 6);
--Redes y transmision de datos laboratorio
INSERT INTO DBSEGSYL.SESION (ID_SESION, ESTADO, FECHA, ID_CLASE)
			VALUES(26, 'C', TO_DATE('12/11/2016','DD/MM/YYYY'), 9);
--Inteligencia artificial laboratorio
INSERT INTO DBSEGSYL.SESION (ID_SESION, ESTADO, FECHA, ID_CLASE)
			VALUES(27, 'C', TO_DATE('12/11/2016','DD/MM/YYYY'), 14);
--Taller de construccion de software
INSERT INTO DBSEGSYL.SESION (ID_SESION, ESTADO, FECHA, ID_CLASE)
			VALUES(28, 'T', TO_DATE('12/11/2016','DD/MM/YYYY'), 7);
--E-business
INSERT INTO DBSEGSYL.SESION (ID_SESION, ESTADO, FECHA, ID_CLASE)
			VALUES(29, 'C', TO_DATE('14/11/2016','DD/MM/YYYY'), 1);
--Redes y transmision de datos teoria
INSERT INTO DBSEGSYL.SESION (ID_SESION, ESTADO, FECHA, ID_CLASE)
			VALUES(30, 'C', TO_DATE('14/11/2016','DD/MM/YYYY'), 8);
--Inteligencia artificial
INSERT INTO DBSEGSYL.SESION (ID_SESION, ESTADO, FECHA, ID_CLASE)
			VALUES(31, 'C', TO_DATE('14/11/2016','DD/MM/YYYY'), 13);
--Arquitectura de software teoría
INSERT INTO DBSEGSYL.SESION (ID_SESION, ESTADO, FECHA, ID_CLASE)
			VALUES(32, 'T', TO_DATE('15/11/2016','DD/MM/YYYY'), 2);
--Arquitectura de software laboratorio
INSERT INTO DBSEGSYL.SESION (ID_SESION, ESTADO, FECHA, ID_CLASE)
			VALUES(33, 'P', TO_DATE('15/11/2016','DD/MM/YYYY'), 3);
--Calidad de software
INSERT INTO DBSEGSYL.SESION (ID_SESION, ESTADO, FECHA, ID_CLASE)
			VALUES(34, 'C', TO_DATE('15/11/2016','DD/MM/YYYY'), 10);
--Datawarehouse
INSERT INTO DBSEGSYL.SESION (ID_SESION, ESTADO, FECHA, ID_CLASE)
			VALUES(35, 'C', TO_DATE('15/11/2016','DD/MM/YYYY'), 12);
--Seguridad de redes teoria
INSERT INTO DBSEGSYL.SESION (ID_SESION, ESTADO, FECHA, ID_CLASE)
			VALUES(36, 'T', TO_DATE('16/11/2016','DD/MM/YYYY'), 4);
--Seguridad de redes laboratorio
INSERT INTO DBSEGSYL.SESION (ID_SESION, ESTADO, FECHA, ID_CLASE)
			VALUES(37, 'C', TO_DATE('17/11/2016','DD/MM/YYYY'), 5);
--Sistemas inteligentes
INSERT INTO DBSEGSYL.SESION (ID_SESION, ESTADO, FECHA, ID_CLASE)
			VALUES(38, 'T', TO_DATE('17/11/2016','DD/MM/YYYY'), 11);
--Gestion de tecnologias de informacion
INSERT INTO DBSEGSYL.SESION (ID_SESION, ESTADO, FECHA, ID_CLASE)
			VALUES(39, 'P', TO_DATE('18/11/2016','DD/MM/YYYY'), 6);
--Redes y transmision de datos laboratorio
INSERT INTO DBSEGSYL.SESION (ID_SESION, ESTADO, FECHA, ID_CLASE)
			VALUES(40, 'C', TO_DATE('19/11/2016','DD/MM/YYYY'), 9);
--Inteligencia artificial laboratorio
INSERT INTO DBSEGSYL.SESION (ID_SESION, ESTADO, FECHA, ID_CLASE)
			VALUES(41, 'C', TO_DATE('19/11/2016','DD/MM/YYYY'), 14);
--Taller de construccion de software
INSERT INTO DBSEGSYL.SESION (ID_SESION, ESTADO, FECHA, ID_CLASE)
			VALUES(42, 'T', TO_DATE('19/11/2016','DD/MM/YYYY'), 7);
--E-business
INSERT INTO DBSEGSYL.SESION (ID_SESION, ESTADO, FECHA, ID_CLASE)
			VALUES(43, 'C', TO_DATE('21/11/2016','DD/MM/YYYY'), 1);
--Redes y transmision de datos teoria
INSERT INTO DBSEGSYL.SESION (ID_SESION, ESTADO, FECHA, ID_CLASE)
			VALUES(44, 'C', TO_DATE('21/11/2016','DD/MM/YYYY'), 8);
--Inteligencia artificial
INSERT INTO DBSEGSYL.SESION (ID_SESION, ESTADO, FECHA, ID_CLASE)
			VALUES(45, 'C', TO_DATE('21/11/2016','DD/MM/YYYY'), 13);
--Arquitectura de software teoría
INSERT INTO DBSEGSYL.SESION (ID_SESION, ESTADO, FECHA, ID_CLASE)
			VALUES(46, 'T', TO_DATE('22/11/2016','DD/MM/YYYY'), 2);
--Arquitectura de software laboratorio
INSERT INTO DBSEGSYL.SESION (ID_SESION, ESTADO, FECHA, ID_CLASE)
			VALUES(47, 'P', TO_DATE('22/11/2016','DD/MM/YYYY'), 3);
--Calidad de software
INSERT INTO DBSEGSYL.SESION (ID_SESION, ESTADO, FECHA, ID_CLASE)
			VALUES(48, 'C', TO_DATE('22/11/2016','DD/MM/YYYY'), 10);
--Datawarehouse
INSERT INTO DBSEGSYL.SESION (ID_SESION, ESTADO, FECHA, ID_CLASE)
			VALUES(49, 'C', TO_DATE('22/11/2016','DD/MM/YYYY'), 12);
--Seguridad de redes teoria
INSERT INTO DBSEGSYL.SESION (ID_SESION, ESTADO, FECHA, ID_CLASE)
			VALUES(50, 'T', TO_DATE('23/11/2016','DD/MM/YYYY'), 4);
--Seguridad de redes laboratorio
INSERT INTO DBSEGSYL.SESION (ID_SESION, ESTADO, FECHA, ID_CLASE)
			VALUES(51, 'C', TO_DATE('24/11/2016','DD/MM/YYYY'), 5);
--Sistemas inteligentes
INSERT INTO DBSEGSYL.SESION (ID_SESION, ESTADO, FECHA, ID_CLASE)
			VALUES(52, 'T', TO_DATE('24/11/2016','DD/MM/YYYY'), 11);
--Gestion de tecnologias de informacion
INSERT INTO DBSEGSYL.SESION (ID_SESION, ESTADO, FECHA, ID_CLASE)
			VALUES(53, 'P', TO_DATE('25/11/2016','DD/MM/YYYY'), 6);
--Redes y transmision de datos laboratorio
INSERT INTO DBSEGSYL.SESION (ID_SESION, ESTADO, FECHA, ID_CLASE)
			VALUES(54, 'C', TO_DATE('26/11/2016','DD/MM/YYYY'), 9);
--Inteligencia artificial laboratorio
INSERT INTO DBSEGSYL.SESION (ID_SESION, ESTADO, FECHA, ID_CLASE)
			VALUES(55, 'C', TO_DATE('26/11/2016','DD/MM/YYYY'), 14);
--Taller de construccion de software
INSERT INTO DBSEGSYL.SESION (ID_SESION, ESTADO, FECHA, ID_CLASE)
			VALUES(56, 'T', TO_DATE('26/11/2016','DD/MM/YYYY'), 7);



/********************************************************/
--TABLA ASISTENCIA
	--VERIFICACION EN CODIGO_GENERAL_DET
--E-bussines
INSERT INTO DBSEGSYL.ASISTENCIA (ID_ASISTENCIA, VERIFICACION, ID_SESION, ID_USUARIO)
			VALUES(1, 'A', 1, 44270511);

INSERT INTO DBSEGSYL.ASISTENCIA (ID_ASISTENCIA, VERIFICACION, ID_SESION, ID_USUARIO)
			VALUES(2, 'F', 1, 70126281);

--Redes y transmision de datos teoria
INSERT INTO DBSEGSYL.ASISTENCIA (ID_ASISTENCIA, VERIFICACION, ID_SESION, ID_USUARIO)
			VALUES(3, 'A', 2, 46096121);

INSERT INTO DBSEGSYL.ASISTENCIA (ID_ASISTENCIA, VERIFICACION, ID_SESION, ID_USUARIO)
			VALUES(4, 'A', 2, 47655156);

INSERT INTO DBSEGSYL.ASISTENCIA (ID_ASISTENCIA, VERIFICACION, ID_SESION, ID_USUARIO)
			VALUES(5, 'F', 2, 48987458);

INSERT INTO DBSEGSYL.ASISTENCIA (ID_ASISTENCIA, VERIFICACION, ID_SESION, ID_USUARIO)
			VALUES(6, 'A', 2, 47590936);

--Inteligencia artificial
INSERT INTO DBSEGSYL.ASISTENCIA (ID_ASISTENCIA, VERIFICACION, ID_SESION, ID_USUARIO)
			VALUES(7, 'A', 3, 76726604);

--Arquitectura de software teoria
INSERT INTO DBSEGSYL.ASISTENCIA (ID_ASISTENCIA, VERIFICACION, ID_SESION, ID_USUARIO)
			VALUES(8, 'A', 4, 44270511);

INSERT INTO DBSEGSYL.ASISTENCIA (ID_ASISTENCIA, VERIFICACION, ID_SESION, ID_USUARIO)
			VALUES(9, 'A', 4, 47655156);

INSERT INTO DBSEGSYL.ASISTENCIA (ID_ASISTENCIA, VERIFICACION, ID_SESION, ID_USUARIO)
			VALUES(10, 'A', 4, 76726604);

--Arquitectura de software laboratorio
INSERT INTO DBSEGSYL.ASISTENCIA (ID_ASISTENCIA, VERIFICACION, ID_SESION, ID_USUARIO)
			VALUES(11, 'A', 5, 44270511);

INSERT INTO DBSEGSYL.ASISTENCIA (ID_ASISTENCIA, VERIFICACION, ID_SESION, ID_USUARIO)
			VALUES(12, 'F', 5, 47655156);

INSERT INTO DBSEGSYL.ASISTENCIA (ID_ASISTENCIA, VERIFICACION, ID_SESION, ID_USUARIO)
			VALUES(13, 'A', 5, 76726604);

--Calidad de Software
INSERT INTO DBSEGSYL.ASISTENCIA (ID_ASISTENCIA, VERIFICACION, ID_SESION, ID_USUARIO)
			VALUES(14, 'F', 6, 46096121);

INSERT INTO DBSEGSYL.ASISTENCIA (ID_ASISTENCIA, VERIFICACION, ID_SESION, ID_USUARIO)
			VALUES(15, 'A', 6, 70126281);

INSERT INTO DBSEGSYL.ASISTENCIA (ID_ASISTENCIA, VERIFICACION, ID_SESION, ID_USUARIO)
			VALUES(16, 'F', 6, 48987458);

--Datawarehouse
INSERT INTO DBSEGSYL.ASISTENCIA (ID_ASISTENCIA, VERIFICACION, ID_SESION, ID_USUARIO)
			VALUES(17, 'A', 7, 47590936);

--Segirodad de Redes teoria
INSERT INTO DBSEGSYL.ASISTENCIA (ID_ASISTENCIA, VERIFICACION, ID_SESION, ID_USUARIO)
			VALUES(18, 'A', 8, 44270511);

INSERT INTO DBSEGSYL.ASISTENCIA (ID_ASISTENCIA, VERIFICACION, ID_SESION, ID_USUARIO)
			VALUES(19, 'F', 8, 70126281);

INSERT INTO DBSEGSYL.ASISTENCIA (ID_ASISTENCIA, VERIFICACION, ID_SESION, ID_USUARIO)
			VALUES(20, 'A', 8, 76726604);

--Seguridad de redes laboratorio
INSERT INTO DBSEGSYL.ASISTENCIA (ID_ASISTENCIA, VERIFICACION, ID_SESION, ID_USUARIO)
			VALUES(21, 'A', 9, 44270511);

INSERT INTO DBSEGSYL.ASISTENCIA (ID_ASISTENCIA, VERIFICACION, ID_SESION, ID_USUARIO)
			VALUES(22, 'A', 9, 70126281);

INSERT INTO DBSEGSYL.ASISTENCIA (ID_ASISTENCIA, VERIFICACION, ID_SESION, ID_USUARIO)
			VALUES(23, 'F', 9, 76726604);

--Sistemas inteligentes
INSERT INTO DBSEGSYL.ASISTENCIA (ID_ASISTENCIA, VERIFICACION, ID_SESION, ID_USUARIO)
			VALUES(24, 'F', 10, 46096121);

INSERT INTO DBSEGSYL.ASISTENCIA (ID_ASISTENCIA, VERIFICACION, ID_SESION, ID_USUARIO)
			VALUES(25, 'A', 10, 47655156);

INSERT INTO DBSEGSYL.ASISTENCIA (ID_ASISTENCIA, VERIFICACION, ID_SESION, ID_USUARIO)
			VALUES(26, 'F', 10, 48987458);

INSERT INTO DBSEGSYL.ASISTENCIA (ID_ASISTENCIA, VERIFICACION, ID_SESION, ID_USUARIO)
			VALUES(27, 'F', 10, 47590936);

--Gestion de tecnologias de informacion
INSERT INTO DBSEGSYL.ASISTENCIA (ID_ASISTENCIA, VERIFICACION, ID_SESION, ID_USUARIO)
			VALUES(28, 'F', 11, 44270511);

INSERT INTO DBSEGSYL.ASISTENCIA (ID_ASISTENCIA, VERIFICACION, ID_SESION, ID_USUARIO)
			VALUES(29, 'F', 11, 46096121);

INSERT INTO DBSEGSYL.ASISTENCIA (ID_ASISTENCIA, VERIFICACION, ID_SESION, ID_USUARIO)
			VALUES(30, 'A', 11, 47655156);

INSERT INTO DBSEGSYL.ASISTENCIA (ID_ASISTENCIA, VERIFICACION, ID_SESION, ID_USUARIO)
			VALUES(31, 'A', 11, 70126281);

INSERT INTO DBSEGSYL.ASISTENCIA (ID_ASISTENCIA, VERIFICACION, ID_SESION, ID_USUARIO)
			VALUES(32, 'F', 11, 48987458);

INSERT INTO DBSEGSYL.ASISTENCIA (ID_ASISTENCIA, VERIFICACION, ID_SESION, ID_USUARIO)
			VALUES(33, 'F', 11, 47590936);

INSERT INTO DBSEGSYL.ASISTENCIA (ID_ASISTENCIA, VERIFICACION, ID_SESION, ID_USUARIO)
			VALUES(34, 'A', 11, 76726604);

--Redes y transmision de datos laboratorio
INSERT INTO DBSEGSYL.ASISTENCIA (ID_ASISTENCIA, VERIFICACION, ID_SESION, ID_USUARIO)
			VALUES(35, 'A', 12, 46096121);

INSERT INTO DBSEGSYL.ASISTENCIA (ID_ASISTENCIA, VERIFICACION, ID_SESION, ID_USUARIO)
			VALUES(36, 'A', 12, 47655156);

INSERT INTO DBSEGSYL.ASISTENCIA (ID_ASISTENCIA, VERIFICACION, ID_SESION, ID_USUARIO)
			VALUES(37, 'A', 12, 48987458);

INSERT INTO DBSEGSYL.ASISTENCIA (ID_ASISTENCIA, VERIFICACION, ID_SESION, ID_USUARIO)
			VALUES(38, 'A', 12, 47590936);

--Inteligencia artificial laboratorio
INSERT INTO DBSEGSYL.ASISTENCIA (ID_ASISTENCIA, VERIFICACION, ID_SESION, ID_USUARIO)
			VALUES(39, 'F', 13, 76726604);

--Taller de construccion de software
INSERT INTO DBSEGSYL.ASISTENCIA (ID_ASISTENCIA, VERIFICACION, ID_SESION, ID_USUARIO)
			VALUES(40, 'F', 14, 44270511);

INSERT INTO DBSEGSYL.ASISTENCIA (ID_ASISTENCIA, VERIFICACION, ID_SESION, ID_USUARIO)
			VALUES(41, 'F', 14, 46096121);

INSERT INTO DBSEGSYL.ASISTENCIA (ID_ASISTENCIA, VERIFICACION, ID_SESION, ID_USUARIO)
			VALUES(42, 'A', 14, 47655156);

INSERT INTO DBSEGSYL.ASISTENCIA (ID_ASISTENCIA, VERIFICACION, ID_SESION, ID_USUARIO)
			VALUES(43, 'A', 14, 70126281);

INSERT INTO DBSEGSYL.ASISTENCIA (ID_ASISTENCIA, VERIFICACION, ID_SESION, ID_USUARIO)
			VALUES(44, 'A', 14, 48987458);

INSERT INTO DBSEGSYL.ASISTENCIA (ID_ASISTENCIA, VERIFICACION, ID_SESION, ID_USUARIO)
			VALUES(45, 'A', 14, 47590936);

INSERT INTO DBSEGSYL.ASISTENCIA (ID_ASISTENCIA, VERIFICACION, ID_SESION, ID_USUARIO)
			VALUES(46, 'A', 14, 76726604);

INSERT INTO DBSEGSYL.ASISTENCIA (ID_ASISTENCIA, VERIFICACION, ID_SESION, ID_USUARIO)
			VALUES(47, 'F', 14, 43554891);

--E-bussines
INSERT INTO DBSEGSYL.ASISTENCIA (ID_ASISTENCIA, VERIFICACION, ID_SESION, ID_USUARIO)
			VALUES(48, 'A', 15, 44270511);

INSERT INTO DBSEGSYL.ASISTENCIA (ID_ASISTENCIA, VERIFICACION, ID_SESION, ID_USUARIO)
			VALUES(49, 'A', 15, 70126281);

--Redes y transmision de datos teoria
INSERT INTO DBSEGSYL.ASISTENCIA (ID_ASISTENCIA, VERIFICACION, ID_SESION, ID_USUARIO)
			VALUES(50, 'A', 16, 46096121);

INSERT INTO DBSEGSYL.ASISTENCIA (ID_ASISTENCIA, VERIFICACION, ID_SESION, ID_USUARIO)
			VALUES(51, 'A', 16, 47655156);

INSERT INTO DBSEGSYL.ASISTENCIA (ID_ASISTENCIA, VERIFICACION, ID_SESION, ID_USUARIO)
			VALUES(52, 'A', 16, 48987458);

INSERT INTO DBSEGSYL.ASISTENCIA (ID_ASISTENCIA, VERIFICACION, ID_SESION, ID_USUARIO)
			VALUES(53, 'F', 16, 47590936);

--Inteligencia artificial
INSERT INTO DBSEGSYL.ASISTENCIA (ID_ASISTENCIA, VERIFICACION, ID_SESION, ID_USUARIO)
			VALUES(54, 'F', 17, 76726604);

--Arquitectura de software teoria
INSERT INTO DBSEGSYL.ASISTENCIA (ID_ASISTENCIA, VERIFICACION, ID_SESION, ID_USUARIO)
			VALUES(55, 'A', 18, 44270511);

INSERT INTO DBSEGSYL.ASISTENCIA (ID_ASISTENCIA, VERIFICACION, ID_SESION, ID_USUARIO)
			VALUES(56, 'A', 18, 47655156);

INSERT INTO DBSEGSYL.ASISTENCIA (ID_ASISTENCIA, VERIFICACION, ID_SESION, ID_USUARIO)
			VALUES(57, 'A', 18, 76726604);

--Arquitectura de software laboratorio
INSERT INTO DBSEGSYL.ASISTENCIA (ID_ASISTENCIA, VERIFICACION, ID_SESION, ID_USUARIO)
			VALUES(58, 'F', 19, 44270511);

INSERT INTO DBSEGSYL.ASISTENCIA (ID_ASISTENCIA, VERIFICACION, ID_SESION, ID_USUARIO)
			VALUES(59, 'A', 19, 47655156);

INSERT INTO DBSEGSYL.ASISTENCIA (ID_ASISTENCIA, VERIFICACION, ID_SESION, ID_USUARIO)
			VALUES(60, 'A', 19, 76726604);

--Calidad de Software
INSERT INTO DBSEGSYL.ASISTENCIA (ID_ASISTENCIA, VERIFICACION, ID_SESION, ID_USUARIO)
			VALUES(61, 'A', 20, 46096121);

INSERT INTO DBSEGSYL.ASISTENCIA (ID_ASISTENCIA, VERIFICACION, ID_SESION, ID_USUARIO)
			VALUES(62, 'A', 20, 70126281);

INSERT INTO DBSEGSYL.ASISTENCIA (ID_ASISTENCIA, VERIFICACION, ID_SESION, ID_USUARIO)
			VALUES(63, 'A', 20, 48987458);

--Datawarehouse
INSERT INTO DBSEGSYL.ASISTENCIA (ID_ASISTENCIA, VERIFICACION, ID_SESION, ID_USUARIO)
			VALUES(64, 'F', 21, 47590936);

--Segirodad de Redes teoria
INSERT INTO DBSEGSYL.ASISTENCIA (ID_ASISTENCIA, VERIFICACION, ID_SESION, ID_USUARIO)
			VALUES(65, 'A', 22, 44270511);

INSERT INTO DBSEGSYL.ASISTENCIA (ID_ASISTENCIA, VERIFICACION, ID_SESION, ID_USUARIO)
			VALUES(66, 'A', 22, 70126281);

INSERT INTO DBSEGSYL.ASISTENCIA (ID_ASISTENCIA, VERIFICACION, ID_SESION, ID_USUARIO)
			VALUES(67, 'A', 22, 76726604);

--Seguridad de redes laboratorio
INSERT INTO DBSEGSYL.ASISTENCIA (ID_ASISTENCIA, VERIFICACION, ID_SESION, ID_USUARIO)
			VALUES(68, 'A', 23, 44270511);

INSERT INTO DBSEGSYL.ASISTENCIA (ID_ASISTENCIA, VERIFICACION, ID_SESION, ID_USUARIO)
			VALUES(69, 'A', 23, 70126281);

INSERT INTO DBSEGSYL.ASISTENCIA (ID_ASISTENCIA, VERIFICACION, ID_SESION, ID_USUARIO)
			VALUES(70, 'A', 23, 76726604);

--Sistemas inteligentes
INSERT INTO DBSEGSYL.ASISTENCIA (ID_ASISTENCIA, VERIFICACION, ID_SESION, ID_USUARIO)
			VALUES(71, 'F', 24, 46096121);

INSERT INTO DBSEGSYL.ASISTENCIA (ID_ASISTENCIA, VERIFICACION, ID_SESION, ID_USUARIO)
			VALUES(72, 'A', 24, 47655156);

INSERT INTO DBSEGSYL.ASISTENCIA (ID_ASISTENCIA, VERIFICACION, ID_SESION, ID_USUARIO)
			VALUES(73, 'F', 24, 48987458);

INSERT INTO DBSEGSYL.ASISTENCIA (ID_ASISTENCIA, VERIFICACION, ID_SESION, ID_USUARIO)
			VALUES(74, 'A', 24, 47590936);

--Gestion de tecnologias de informacion
INSERT INTO DBSEGSYL.ASISTENCIA (ID_ASISTENCIA, VERIFICACION, ID_SESION, ID_USUARIO)
			VALUES(75, 'A', 25, 44270511);

INSERT INTO DBSEGSYL.ASISTENCIA (ID_ASISTENCIA, VERIFICACION, ID_SESION, ID_USUARIO)
			VALUES(76, 'A', 25, 46096121);

INSERT INTO DBSEGSYL.ASISTENCIA (ID_ASISTENCIA, VERIFICACION, ID_SESION, ID_USUARIO)
			VALUES(77, 'A', 25, 47655156);

INSERT INTO DBSEGSYL.ASISTENCIA (ID_ASISTENCIA, VERIFICACION, ID_SESION, ID_USUARIO)
			VALUES(78, 'F', 25, 70126281);

INSERT INTO DBSEGSYL.ASISTENCIA (ID_ASISTENCIA, VERIFICACION, ID_SESION, ID_USUARIO)
			VALUES(79, 'A', 25, 48987458);

INSERT INTO DBSEGSYL.ASISTENCIA (ID_ASISTENCIA, VERIFICACION, ID_SESION, ID_USUARIO)
			VALUES(80, 'F', 25, 47590936);

INSERT INTO DBSEGSYL.ASISTENCIA (ID_ASISTENCIA, VERIFICACION, ID_SESION, ID_USUARIO)
			VALUES(81, 'F', 25, 76726604);

--Redes y transmision de datos laboratorio
INSERT INTO DBSEGSYL.ASISTENCIA (ID_ASISTENCIA, VERIFICACION, ID_SESION, ID_USUARIO)
			VALUES(82, 'F', 26, 46096121);

INSERT INTO DBSEGSYL.ASISTENCIA (ID_ASISTENCIA, VERIFICACION, ID_SESION, ID_USUARIO)
			VALUES(83, 'A', 26, 47655156);

INSERT INTO DBSEGSYL.ASISTENCIA (ID_ASISTENCIA, VERIFICACION, ID_SESION, ID_USUARIO)
			VALUES(84, 'A', 26, 48987458);

INSERT INTO DBSEGSYL.ASISTENCIA (ID_ASISTENCIA, VERIFICACION, ID_SESION, ID_USUARIO)
			VALUES(85, 'A', 26, 47590936);

--Inteligencia artificial laboratorio
INSERT INTO DBSEGSYL.ASISTENCIA (ID_ASISTENCIA, VERIFICACION, ID_SESION, ID_USUARIO)
			VALUES(86, 'A', 27, 76726604);

--Taller de construccion de software
INSERT INTO DBSEGSYL.ASISTENCIA (ID_ASISTENCIA, VERIFICACION, ID_SESION, ID_USUARIO)
			VALUES(87, 'F', 28, 44270511);

INSERT INTO DBSEGSYL.ASISTENCIA (ID_ASISTENCIA, VERIFICACION, ID_SESION, ID_USUARIO)
			VALUES(88, 'A', 28, 46096121);

INSERT INTO DBSEGSYL.ASISTENCIA (ID_ASISTENCIA, VERIFICACION, ID_SESION, ID_USUARIO)
			VALUES(89, 'A', 28, 47655156);

INSERT INTO DBSEGSYL.ASISTENCIA (ID_ASISTENCIA, VERIFICACION, ID_SESION, ID_USUARIO)
			VALUES(90, 'A', 28, 70126281);

INSERT INTO DBSEGSYL.ASISTENCIA (ID_ASISTENCIA, VERIFICACION, ID_SESION, ID_USUARIO)
			VALUES(91, 'A', 28, 48987458);

INSERT INTO DBSEGSYL.ASISTENCIA (ID_ASISTENCIA, VERIFICACION, ID_SESION, ID_USUARIO)
			VALUES(92, 'A', 28, 47590936);

INSERT INTO DBSEGSYL.ASISTENCIA (ID_ASISTENCIA, VERIFICACION, ID_SESION, ID_USUARIO)
			VALUES(93, 'A', 28, 76726604);

INSERT INTO DBSEGSYL.ASISTENCIA (ID_ASISTENCIA, VERIFICACION, ID_SESION, ID_USUARIO)
			VALUES(94, 'F', 28, 43554891);

--E-bussines
INSERT INTO DBSEGSYL.ASISTENCIA (ID_ASISTENCIA, VERIFICACION, ID_SESION, ID_USUARIO)
			VALUES(95, 'A', 29, 44270511);

INSERT INTO DBSEGSYL.ASISTENCIA (ID_ASISTENCIA, VERIFICACION, ID_SESION, ID_USUARIO)
			VALUES(96, 'A', 29, 70126281);

--Redes y transmision de datos teoria
INSERT INTO DBSEGSYL.ASISTENCIA (ID_ASISTENCIA, VERIFICACION, ID_SESION, ID_USUARIO)
			VALUES(97, 'F', 30, 46096121);

INSERT INTO DBSEGSYL.ASISTENCIA (ID_ASISTENCIA, VERIFICACION, ID_SESION, ID_USUARIO)
			VALUES(98, 'F', 30, 47655156);

INSERT INTO DBSEGSYL.ASISTENCIA (ID_ASISTENCIA, VERIFICACION, ID_SESION, ID_USUARIO)
			VALUES(99, 'A', 30, 48987458);

INSERT INTO DBSEGSYL.ASISTENCIA (ID_ASISTENCIA, VERIFICACION, ID_SESION, ID_USUARIO)
			VALUES(100, 'A', 30, 47590936);

--Inteligencia artificial
INSERT INTO DBSEGSYL.ASISTENCIA (ID_ASISTENCIA, VERIFICACION, ID_SESION, ID_USUARIO)
			VALUES(101, 'A', 31, 76726604);

--Arquitectura de software teoria
INSERT INTO DBSEGSYL.ASISTENCIA (ID_ASISTENCIA, VERIFICACION, ID_SESION, ID_USUARIO)
			VALUES(102, 'A', 32, 44270511);

INSERT INTO DBSEGSYL.ASISTENCIA (ID_ASISTENCIA, VERIFICACION, ID_SESION, ID_USUARIO)
			VALUES(103, 'A', 32, 47655156);

INSERT INTO DBSEGSYL.ASISTENCIA (ID_ASISTENCIA, VERIFICACION, ID_SESION, ID_USUARIO)
			VALUES(104, 'A', 32, 76726604);

--Arquitectura de software laboratorio
INSERT INTO DBSEGSYL.ASISTENCIA (ID_ASISTENCIA, VERIFICACION, ID_SESION, ID_USUARIO)
			VALUES(105, 'A', 33, 44270511);

INSERT INTO DBSEGSYL.ASISTENCIA (ID_ASISTENCIA, VERIFICACION, ID_SESION, ID_USUARIO)
			VALUES(106, 'A', 33, 47655156);

INSERT INTO DBSEGSYL.ASISTENCIA (ID_ASISTENCIA, VERIFICACION, ID_SESION, ID_USUARIO)
			VALUES(107, 'A', 33, 76726604);

--Calidad de Software
INSERT INTO DBSEGSYL.ASISTENCIA (ID_ASISTENCIA, VERIFICACION, ID_SESION, ID_USUARIO)
			VALUES(108, 'A', 34, 46096121);

INSERT INTO DBSEGSYL.ASISTENCIA (ID_ASISTENCIA, VERIFICACION, ID_SESION, ID_USUARIO)
			VALUES(109, 'A', 34, 70126281);

INSERT INTO DBSEGSYL.ASISTENCIA (ID_ASISTENCIA, VERIFICACION, ID_SESION, ID_USUARIO)
			VALUES(110, 'A', 34, 48987458);

--Datawarehouse
INSERT INTO DBSEGSYL.ASISTENCIA (ID_ASISTENCIA, VERIFICACION, ID_SESION, ID_USUARIO)
			VALUES(111, 'A', 35, 47590936);

--Segirodad de Redes teoria
INSERT INTO DBSEGSYL.ASISTENCIA (ID_ASISTENCIA, VERIFICACION, ID_SESION, ID_USUARIO)
			VALUES(112, 'A', 36, 44270511);

INSERT INTO DBSEGSYL.ASISTENCIA (ID_ASISTENCIA, VERIFICACION, ID_SESION, ID_USUARIO)
			VALUES(113, 'A', 36, 70126281);

INSERT INTO DBSEGSYL.ASISTENCIA (ID_ASISTENCIA, VERIFICACION, ID_SESION, ID_USUARIO)
			VALUES(114, 'A', 36, 76726604);

--Seguridad de redes laboratorio
INSERT INTO DBSEGSYL.ASISTENCIA (ID_ASISTENCIA, VERIFICACION, ID_SESION, ID_USUARIO)
			VALUES(115, 'A', 37, 44270511);

INSERT INTO DBSEGSYL.ASISTENCIA (ID_ASISTENCIA, VERIFICACION, ID_SESION, ID_USUARIO)
			VALUES(116, 'A', 37, 70126281);

INSERT INTO DBSEGSYL.ASISTENCIA (ID_ASISTENCIA, VERIFICACION, ID_SESION, ID_USUARIO)
			VALUES(117, 'A', 37, 76726604);

--Sistemas inteligentes
INSERT INTO DBSEGSYL.ASISTENCIA (ID_ASISTENCIA, VERIFICACION, ID_SESION, ID_USUARIO)
			VALUES(118, 'A', 38, 46096121);

INSERT INTO DBSEGSYL.ASISTENCIA (ID_ASISTENCIA, VERIFICACION, ID_SESION, ID_USUARIO)
			VALUES(119, 'A', 38, 47655156);

INSERT INTO DBSEGSYL.ASISTENCIA (ID_ASISTENCIA, VERIFICACION, ID_SESION, ID_USUARIO)
			VALUES(120, 'A', 38, 48987458);

INSERT INTO DBSEGSYL.ASISTENCIA (ID_ASISTENCIA, VERIFICACION, ID_SESION, ID_USUARIO)
			VALUES(121, 'F', 38, 47590936);

--Gestion de tecnologias de informacion
INSERT INTO DBSEGSYL.ASISTENCIA (ID_ASISTENCIA, VERIFICACION, ID_SESION, ID_USUARIO)
			VALUES(122, 'A', 39, 44270511);

INSERT INTO DBSEGSYL.ASISTENCIA (ID_ASISTENCIA, VERIFICACION, ID_SESION, ID_USUARIO)
			VALUES(123, 'F', 39, 46096121);

INSERT INTO DBSEGSYL.ASISTENCIA (ID_ASISTENCIA, VERIFICACION, ID_SESION, ID_USUARIO)
			VALUES(124, 'F', 39, 47655156);

INSERT INTO DBSEGSYL.ASISTENCIA (ID_ASISTENCIA, VERIFICACION, ID_SESION, ID_USUARIO)
			VALUES(125, 'F', 39, 70126281);

INSERT INTO DBSEGSYL.ASISTENCIA (ID_ASISTENCIA, VERIFICACION, ID_SESION, ID_USUARIO)
			VALUES(126, 'F', 39, 48987458);

INSERT INTO DBSEGSYL.ASISTENCIA (ID_ASISTENCIA, VERIFICACION, ID_SESION, ID_USUARIO)
			VALUES(127, 'F', 39, 47590936);

INSERT INTO DBSEGSYL.ASISTENCIA (ID_ASISTENCIA, VERIFICACION, ID_SESION, ID_USUARIO)
			VALUES(128, 'A', 39, 76726604);

--Redes y transmision de datos laboratorio
INSERT INTO DBSEGSYL.ASISTENCIA (ID_ASISTENCIA, VERIFICACION, ID_SESION, ID_USUARIO)
			VALUES(129, 'A', 40, 46096121);

INSERT INTO DBSEGSYL.ASISTENCIA (ID_ASISTENCIA, VERIFICACION, ID_SESION, ID_USUARIO)
			VALUES(130, 'A', 40, 47655156);

INSERT INTO DBSEGSYL.ASISTENCIA (ID_ASISTENCIA, VERIFICACION, ID_SESION, ID_USUARIO)
			VALUES(131, 'A', 40, 48987458);

INSERT INTO DBSEGSYL.ASISTENCIA (ID_ASISTENCIA, VERIFICACION, ID_SESION, ID_USUARIO)
			VALUES(132, 'A', 40, 47590936);

--Inteligencia artificial laboratorio
INSERT INTO DBSEGSYL.ASISTENCIA (ID_ASISTENCIA, VERIFICACION, ID_SESION, ID_USUARIO)
			VALUES(133, 'A', 41, 76726604);

--Taller de construccion de software
INSERT INTO DBSEGSYL.ASISTENCIA (ID_ASISTENCIA, VERIFICACION, ID_SESION, ID_USUARIO)
			VALUES(134, 'A', 42, 44270511);

INSERT INTO DBSEGSYL.ASISTENCIA (ID_ASISTENCIA, VERIFICACION, ID_SESION, ID_USUARIO)
			VALUES(135, 'A', 42, 46096121);

INSERT INTO DBSEGSYL.ASISTENCIA (ID_ASISTENCIA, VERIFICACION, ID_SESION, ID_USUARIO)
			VALUES(136, 'A', 42, 47655156);

INSERT INTO DBSEGSYL.ASISTENCIA (ID_ASISTENCIA, VERIFICACION, ID_SESION, ID_USUARIO)
			VALUES(137, 'F', 42, 70126281);

INSERT INTO DBSEGSYL.ASISTENCIA (ID_ASISTENCIA, VERIFICACION, ID_SESION, ID_USUARIO)
			VALUES(138, 'F', 42, 48987458);

INSERT INTO DBSEGSYL.ASISTENCIA (ID_ASISTENCIA, VERIFICACION, ID_SESION, ID_USUARIO)
			VALUES(139, 'F', 42, 47590936);

INSERT INTO DBSEGSYL.ASISTENCIA (ID_ASISTENCIA, VERIFICACION, ID_SESION, ID_USUARIO)
			VALUES(140, 'F', 42, 76726604);

INSERT INTO DBSEGSYL.ASISTENCIA (ID_ASISTENCIA, VERIFICACION, ID_SESION, ID_USUARIO)
			VALUES(141, 'F', 42, 43554891);

--E-bussines
INSERT INTO DBSEGSYL.ASISTENCIA (ID_ASISTENCIA, VERIFICACION, ID_SESION, ID_USUARIO)
			VALUES(142, 'A', 43, 44270511);

INSERT INTO DBSEGSYL.ASISTENCIA (ID_ASISTENCIA, VERIFICACION, ID_SESION, ID_USUARIO)
			VALUES(143, 'A', 43, 70126281);

--Redes y transmision de datos teoria
INSERT INTO DBSEGSYL.ASISTENCIA (ID_ASISTENCIA, VERIFICACION, ID_SESION, ID_USUARIO)
			VALUES(144, 'F', 44, 46096121);

INSERT INTO DBSEGSYL.ASISTENCIA (ID_ASISTENCIA, VERIFICACION, ID_SESION, ID_USUARIO)
			VALUES(145, 'F', 44, 47655156);

INSERT INTO DBSEGSYL.ASISTENCIA (ID_ASISTENCIA, VERIFICACION, ID_SESION, ID_USUARIO)
			VALUES(146, 'A', 44, 48987458);

INSERT INTO DBSEGSYL.ASISTENCIA (ID_ASISTENCIA, VERIFICACION, ID_SESION, ID_USUARIO)
			VALUES(147, 'A', 44, 47590936);

--Inteligencia artificial
INSERT INTO DBSEGSYL.ASISTENCIA (ID_ASISTENCIA, VERIFICACION, ID_SESION, ID_USUARIO)
			VALUES(148, 'A', 45, 76726604);

--Arquitectura de software teoria
INSERT INTO DBSEGSYL.ASISTENCIA (ID_ASISTENCIA, VERIFICACION, ID_SESION, ID_USUARIO)
			VALUES(149, 'A', 46, 44270511);

INSERT INTO DBSEGSYL.ASISTENCIA (ID_ASISTENCIA, VERIFICACION, ID_SESION, ID_USUARIO)
			VALUES(150, 'A', 46, 47655156);

INSERT INTO DBSEGSYL.ASISTENCIA (ID_ASISTENCIA, VERIFICACION, ID_SESION, ID_USUARIO)
			VALUES(151, 'A', 46, 76726604);

--Arquitectura de software laboratorio
INSERT INTO DBSEGSYL.ASISTENCIA (ID_ASISTENCIA, VERIFICACION, ID_SESION, ID_USUARIO)
			VALUES(152, 'A', 47, 44270511);

INSERT INTO DBSEGSYL.ASISTENCIA (ID_ASISTENCIA, VERIFICACION, ID_SESION, ID_USUARIO)
			VALUES(153, 'A', 47, 47655156);

INSERT INTO DBSEGSYL.ASISTENCIA (ID_ASISTENCIA, VERIFICACION, ID_SESION, ID_USUARIO)
			VALUES(154, 'A', 47, 76726604);

--Calidad de Software
INSERT INTO DBSEGSYL.ASISTENCIA (ID_ASISTENCIA, VERIFICACION, ID_SESION, ID_USUARIO)
			VALUES(155, 'A', 48, 46096121);

INSERT INTO DBSEGSYL.ASISTENCIA (ID_ASISTENCIA, VERIFICACION, ID_SESION, ID_USUARIO)
			VALUES(156, 'A', 48, 70126281);

INSERT INTO DBSEGSYL.ASISTENCIA (ID_ASISTENCIA, VERIFICACION, ID_SESION, ID_USUARIO)
			VALUES(157, 'A', 48, 48987458);

--Datawarehouse
INSERT INTO DBSEGSYL.ASISTENCIA (ID_ASISTENCIA, VERIFICACION, ID_SESION, ID_USUARIO)
			VALUES(158, 'A', 49, 47590936);

--Segirodad de Redes teoria
INSERT INTO DBSEGSYL.ASISTENCIA (ID_ASISTENCIA, VERIFICACION, ID_SESION, ID_USUARIO)
			VALUES(159, 'A', 50, 44270511);

INSERT INTO DBSEGSYL.ASISTENCIA (ID_ASISTENCIA, VERIFICACION, ID_SESION, ID_USUARIO)
			VALUES(160, 'A', 50, 70126281);

INSERT INTO DBSEGSYL.ASISTENCIA (ID_ASISTENCIA, VERIFICACION, ID_SESION, ID_USUARIO)
			VALUES(161, 'A', 50, 76726604);

--Seguridad de redes laboratorio
INSERT INTO DBSEGSYL.ASISTENCIA (ID_ASISTENCIA, VERIFICACION, ID_SESION, ID_USUARIO)
			VALUES(162, 'A', 51, 44270511);

INSERT INTO DBSEGSYL.ASISTENCIA (ID_ASISTENCIA, VERIFICACION, ID_SESION, ID_USUARIO)
			VALUES(163, 'A', 51, 70126281);

INSERT INTO DBSEGSYL.ASISTENCIA (ID_ASISTENCIA, VERIFICACION, ID_SESION, ID_USUARIO)
			VALUES(164, 'A', 51, 76726604);

--Sistemas inteligentes
INSERT INTO DBSEGSYL.ASISTENCIA (ID_ASISTENCIA, VERIFICACION, ID_SESION, ID_USUARIO)
			VALUES(165, 'F', 52, 46096121);

INSERT INTO DBSEGSYL.ASISTENCIA (ID_ASISTENCIA, VERIFICACION, ID_SESION, ID_USUARIO)
			VALUES(166, 'A', 52, 47655156);

INSERT INTO DBSEGSYL.ASISTENCIA (ID_ASISTENCIA, VERIFICACION, ID_SESION, ID_USUARIO)
			VALUES(167, 'A', 52, 48987458);

INSERT INTO DBSEGSYL.ASISTENCIA (ID_ASISTENCIA, VERIFICACION, ID_SESION, ID_USUARIO)
			VALUES(168, 'F', 52, 47590936);

--Gestion de tecnologias de informacion
INSERT INTO DBSEGSYL.ASISTENCIA (ID_ASISTENCIA, VERIFICACION, ID_SESION, ID_USUARIO)
			VALUES(169, 'A', 53, 44270511);

INSERT INTO DBSEGSYL.ASISTENCIA (ID_ASISTENCIA, VERIFICACION, ID_SESION, ID_USUARIO)
			VALUES(170, 'F', 53, 46096121);

INSERT INTO DBSEGSYL.ASISTENCIA (ID_ASISTENCIA, VERIFICACION, ID_SESION, ID_USUARIO)
			VALUES(171, 'F', 53, 47655156);

INSERT INTO DBSEGSYL.ASISTENCIA (ID_ASISTENCIA, VERIFICACION, ID_SESION, ID_USUARIO)
			VALUES(172, 'F', 53, 70126281);

INSERT INTO DBSEGSYL.ASISTENCIA (ID_ASISTENCIA, VERIFICACION, ID_SESION, ID_USUARIO)
			VALUES(173, 'F', 53, 48987458);

INSERT INTO DBSEGSYL.ASISTENCIA (ID_ASISTENCIA, VERIFICACION, ID_SESION, ID_USUARIO)
			VALUES(174, 'F', 53, 47590936);

INSERT INTO DBSEGSYL.ASISTENCIA (ID_ASISTENCIA, VERIFICACION, ID_SESION, ID_USUARIO)
			VALUES(175, 'F', 53, 76726604);

--Redes y transmision de datos laboratorio
INSERT INTO DBSEGSYL.ASISTENCIA (ID_ASISTENCIA, VERIFICACION, ID_SESION, ID_USUARIO)
			VALUES(176, 'A', 54, 46096121);

INSERT INTO DBSEGSYL.ASISTENCIA (ID_ASISTENCIA, VERIFICACION, ID_SESION, ID_USUARIO)
			VALUES(177, 'A', 54, 47655156);

INSERT INTO DBSEGSYL.ASISTENCIA (ID_ASISTENCIA, VERIFICACION, ID_SESION, ID_USUARIO)
			VALUES(178, 'A', 54, 48987458);

INSERT INTO DBSEGSYL.ASISTENCIA (ID_ASISTENCIA, VERIFICACION, ID_SESION, ID_USUARIO)
			VALUES(179, 'A', 54, 47590936);

--Inteligencia artificial laboratorio
INSERT INTO DBSEGSYL.ASISTENCIA (ID_ASISTENCIA, VERIFICACION, ID_SESION, ID_USUARIO)
			VALUES(180, 'A', 55, 76726604);

--Taller de construccion de software
INSERT INTO DBSEGSYL.ASISTENCIA (ID_ASISTENCIA, VERIFICACION, ID_SESION, ID_USUARIO)
			VALUES(181, 'F', 56, 44270511);

INSERT INTO DBSEGSYL.ASISTENCIA (ID_ASISTENCIA, VERIFICACION, ID_SESION, ID_USUARIO)
			VALUES(182, 'A', 56, 46096121);

INSERT INTO DBSEGSYL.ASISTENCIA (ID_ASISTENCIA, VERIFICACION, ID_SESION, ID_USUARIO)
			VALUES(183, 'A', 56, 47655156);

INSERT INTO DBSEGSYL.ASISTENCIA (ID_ASISTENCIA, VERIFICACION, ID_SESION, ID_USUARIO)
			VALUES(184, 'F', 56, 70126281);

INSERT INTO DBSEGSYL.ASISTENCIA (ID_ASISTENCIA, VERIFICACION, ID_SESION, ID_USUARIO)
			VALUES(185, 'A', 56, 48987458);

INSERT INTO DBSEGSYL.ASISTENCIA (ID_ASISTENCIA, VERIFICACION, ID_SESION, ID_USUARIO)
			VALUES(186, 'F', 56, 47590936);

INSERT INTO DBSEGSYL.ASISTENCIA (ID_ASISTENCIA, VERIFICACION, ID_SESION, ID_USUARIO)
			VALUES(187, 'A', 56, 76726604);

INSERT INTO DBSEGSYL.ASISTENCIA (ID_ASISTENCIA, VERIFICACION, ID_SESION, ID_USUARIO)
			VALUES(188, 'A', 56, 43554891);



/********************************************************/
--TABLA TEMA

INSERT INTO DBSEGSYL.TEMA (ID_TEMA, DESCRIPCION, UNIDAD, SEMANA, ID_SYLLABUS, ID_TIPO)
			VALUES(1, 'CLASE INTRODUCTORIA', 1, 1, 32, 1);

INSERT INTO DBSEGSYL.TEMA (ID_TEMA, DESCRIPCION, UNIDAD, SEMANA, ID_SYLLABUS, ID_TIPO)
			VALUES(2, 'MODELAMIENTO DE SOFTWARE', 1, 2, 32, 1);

INSERT INTO DBSEGSYL.TEMA (ID_TEMA, DESCRIPCION, UNIDAD, SEMANA, ID_SYLLABUS, ID_TIPO)
			VALUES(3, 'PROCESO DE CONSTRUCCION DE SOFTWARE', 2, 3, 32, 1);

INSERT INTO DBSEGSYL.TEMA (ID_TEMA, DESCRIPCION, UNIDAD, SEMANA, ID_SYLLABUS, ID_TIPO)
			VALUES(4, 'SOFTWARE PROPIETARIO Y LIBRE', 3, 4, 32, 1);

INSERT INTO DBSEGSYL.TEMA (ID_TEMA, DESCRIPCION, UNIDAD, SEMANA, ID_SYLLABUS, ID_TIPO)
			VALUES(5, 'METODOLOGIA SCRUM Y XP', 3, 5, 32, 1);

INSERT INTO DBSEGSYL.TEMA (ID_TEMA, DESCRIPCION, UNIDAD, SEMANA, ID_SYLLABUS, ID_TIPO)
			VALUES(6, 'METODOLOGIA NO ESTRUCTURADA ORIENDATA A OBJETOS', 3, 6, 32, 1);

INSERT INTO DBSEGSYL.TEMA (ID_TEMA, DESCRIPCION, UNIDAD, SEMANA, ID_SYLLABUS, ID_TIPO)
			VALUES(7, 'EXAMEN PARCIAL', 3, 7, 32, 1);

INSERT INTO DBSEGSYL.TEMA (ID_TEMA, DESCRIPCION, UNIDAD, SEMANA, ID_SYLLABUS, ID_TIPO)
			VALUES(8, 'METODOLOGIAS AGILES ', 4, 8, 32, 1);

INSERT INTO DBSEGSYL.TEMA (ID_TEMA, DESCRIPCION, UNIDAD, SEMANA, ID_SYLLABUS, ID_TIPO)
			VALUES(9, 'HERRAMIENTAS DE CONSTRUCCION DE SOFTWARE', 4, 9, 32, 1);

INSERT INTO DBSEGSYL.TEMA (ID_TEMA, DESCRIPCION, UNIDAD, SEMANA, ID_SYLLABUS, ID_TIPO)
			VALUES(10, 'ANALISIS DE REQUERIMIENTOS DE SOFTWARE', 5, 10, 32, 1);

INSERT INTO DBSEGSYL.TEMA (ID_TEMA, DESCRIPCION, UNIDAD, SEMANA, ID_SYLLABUS, ID_TIPO)
			VALUES(11, 'DESARROLLO DE SOFTWARE BASADO EN BUENAS PRACTICAS', 6, 11, 32, 1);

INSERT INTO DBSEGSYL.TEMA (ID_TEMA, DESCRIPCION, UNIDAD, SEMANA, ID_SYLLABUS, ID_TIPO)
			VALUES(12, 'TESTING BASICO DE SOFTWARE I', 7, 12, 32, 1);

INSERT INTO DBSEGSYL.TEMA (ID_TEMA, DESCRIPCION, UNIDAD, SEMANA, ID_SYLLABUS, ID_TIPO)
			VALUES(13, 'TESTING BASICO DE SOFTWARE II', 7, 13, 32, 1);

INSERT INTO DBSEGSYL.TEMA (ID_TEMA, DESCRIPCION, UNIDAD, SEMANA, ID_SYLLABUS, ID_TIPO)
			VALUES(14, 'EXAMEN FINAL', 7, 14, 32, 1);
--REDES
INSERT INTO DBSEGSYL.TEMA (ID_TEMA, DESCRIPCION, UNIDAD, SEMANA, ID_SYLLABUS, ID_TIPO)
			VALUES(15, 'INTRODUCCION A LOS SISTEMAS DE COMUNICACION', 1, 1, 34, 1);

INSERT INTO DBSEGSYL.TEMA (ID_TEMA, DESCRIPCION, UNIDAD, SEMANA, ID_SYLLABUS, ID_TIPO)
			VALUES(16, 'PROCESOS DE MODULACION DIGITAL ASK, FSK, PSK, DPSK, QAM', 1, 2, 34, 1);

INSERT INTO DBSEGSYL.TEMA (ID_TEMA, DESCRIPCION, UNIDAD, SEMANA, ID_SYLLABUS, ID_TIPO)
			VALUES(17, 'ARQUITECTURA DE PROTOCOLOS DE REDES LAN', 2, 3, 34, 1);

INSERT INTO DBSEGSYL.TEMA (ID_TEMA, DESCRIPCION, UNIDAD, SEMANA, ID_SYLLABUS, ID_TIPO)
			VALUES(18, 'TECNOLOGIA Y NORMAS DE REDES LAN', 2, 4, 34, 1);

INSERT INTO DBSEGSYL.TEMA (ID_TEMA, DESCRIPCION, UNIDAD, SEMANA, ID_SYLLABUS, ID_TIPO)
			VALUES(19, 'INTERFASES Y DISPOSITIVOS DE INTERCONEXION DEL NIVEL FISICO', 2, 5, 34, 1);

INSERT INTO DBSEGSYL.TEMA (ID_TEMA, DESCRIPCION, UNIDAD, SEMANA, ID_SYLLABUS, ID_TIPO)
			VALUES(20, 'ARQUITECTURA TCP/IP NIVEL DE RED', 3, 6, 34, 1);

INSERT INTO DBSEGSYL.TEMA (ID_TEMA, DESCRIPCION, UNIDAD, SEMANA, ID_SYLLABUS, ID_TIPO)
			VALUES(21, 'DIRECCIONES EN INTERNET, TECNOLOGIAS DE REDES WAN', 3, 7, 34, 1);

INSERT INTO DBSEGSYL.TEMA (ID_TEMA, DESCRIPCION, UNIDAD, SEMANA, ID_SYLLABUS, ID_TIPO)
			VALUES(22, 'EXAMEN PARCIAL', 3, 8, 34, 1);

INSERT INTO DBSEGSYL.TEMA (ID_TEMA, DESCRIPCION, UNIDAD, SEMANA, ID_SYLLABUS, ID_TIPO)
			VALUES(23, 'PROTOCOLOS DEL NIVEL RED IP: ARP, RARP, ICMP ', 4, 9, 34, 1);

INSERT INTO DBSEGSYL.TEMA (ID_TEMA, DESCRIPCION, UNIDAD, SEMANA, ID_SYLLABUS, ID_TIPO)
			VALUES(24, 'SEGURIDAD EN LA RED, SERVICIOS NAT Y REDES PRIVADAS', 4, 10, 34, 1);

INSERT INTO DBSEGSYL.TEMA (ID_TEMA, DESCRIPCION, UNIDAD, SEMANA, ID_SYLLABUS, ID_TIPO)
			VALUES(25, 'REDES INALAMBRICAS: SOLUCIONES SATELITALES-CELULARES', 4, 11, 34, 1);

INSERT INTO DBSEGSYL.TEMA (ID_TEMA, DESCRIPCION, UNIDAD, SEMANA, ID_SYLLABUS, ID_TIPO)
			VALUES(26, 'ARQUITECTURA TCP/IP: NIVEL TRANSPORTE, SEGMENTOS TCP Y DATAGRAMAS UDP', 4, 12, 34, 1);

INSERT INTO DBSEGSYL.TEMA (ID_TEMA, DESCRIPCION, UNIDAD, SEMANA, ID_SYLLABUS, ID_TIPO)
			VALUES(27, 'SERVICIOS DE RED: DHCP, DNS, CORREO, WEB', 5, 13, 34, 1);

INSERT INTO DBSEGSYL.TEMA (ID_TEMA, DESCRIPCION, UNIDAD, SEMANA, ID_SYLLABUS, ID_TIPO)
			VALUES(28, 'GESTION DE REDES IP: PROTOCOLO SNMP', 5, 14, 34, 1);

INSERT INTO DBSEGSYL.TEMA (ID_TEMA, DESCRIPCION, UNIDAD, SEMANA, ID_SYLLABUS, ID_TIPO)
			VALUES(29, 'CALIDAD DE SERVICIO EN REDES, VOZ SOBRE IP Y TELEFONIA IP', 5, 15, 34, 1);

INSERT INTO DBSEGSYL.TEMA (ID_TEMA, DESCRIPCION, UNIDAD, SEMANA, ID_SYLLABUS, ID_TIPO)
			VALUES(30, 'EXAMEN FINAL', 5, 16, 34, 1);

INSERT INTO DBSEGSYL.TEMA (ID_TEMA, DESCRIPCION, UNIDAD, SEMANA, ID_SYLLABUS, ID_TIPO)
			VALUES(31, 'GESTION DE TECNOLOGIAS DE INFORMACION', 1, 1, 34, 1);

INSERT INTO DBSEGSYL.TEMA (ID_TEMA, DESCRIPCION, UNIDAD, SEMANA, ID_SYLLABUS, ID_TIPO)
			VALUES(32, 'GOBERNANZA, GOBIERNO Y HABILIDADES GERENCIALES', 1, 2, 34, 1);

INSERT INTO DBSEGSYL.TEMA (ID_TEMA, DESCRIPCION, UNIDAD, SEMANA, ID_SYLLABUS, ID_TIPO)
			VALUES(33, 'GOBIERNO TI, FRAMEWORKS', 2, 3, 34, 1);

INSERT INTO DBSEGSYL.TEMA (ID_TEMA, DESCRIPCION, UNIDAD, SEMANA, ID_SYLLABUS, ID_TIPO)
			VALUES(34, 'CAMBIO DO Y NEGOCIACION', 2, 4, 34, 1);

INSERT INTO DBSEGSYL.TEMA (ID_TEMA, DESCRIPCION, UNIDAD, SEMANA, ID_SYLLABUS, ID_TIPO)
			VALUES(35, 'ANALISIS EMPRESARIAL, PARETO, 4 KEYS ', 3, 5, 40, 1);

INSERT INTO DBSEGSYL.TEMA (ID_TEMA, DESCRIPCION, UNIDAD, SEMANA, ID_SYLLABUS, ID_TIPO)
			VALUES(36, 'EXAMEN PARCIAL', 3, 6, 40, 1);

INSERT INTO DBSEGSYL.TEMA (ID_TEMA, DESCRIPCION, UNIDAD, SEMANA, ID_SYLLABUS, ID_TIPO)
			VALUES(37, 'DOMINIO COBIT: PLANEACION Y ORGANIZACION', 4, 7, 40, 1);

INSERT INTO DBSEGSYL.TEMA (ID_TEMA, DESCRIPCION, UNIDAD, SEMANA, ID_SYLLABUS, ID_TIPO)
			VALUES(38, 'DOMINIO COBIT: ADQUISICION E IMPLANTACION', 4, 8, 40, 1);

INSERT INTO DBSEGSYL.TEMA (ID_TEMA, DESCRIPCION, UNIDAD, SEMANA, ID_SYLLABUS, ID_TIPO)
			VALUES(39, 'DOMINIO COBIT: ENTREGA DE SERVICIOS Y SOPORTE', 4, 9, 40, 1);

INSERT INTO DBSEGSYL.TEMA (ID_TEMA, DESCRIPCION, UNIDAD, SEMANA, ID_SYLLABUS, ID_TIPO)
			VALUES(40, 'DOMINIO COBIT: MONITOREAR Y EVALUAR', 4, 10, 40, 1);

INSERT INTO DBSEGSYL.TEMA (ID_TEMA, DESCRIPCION, UNIDAD, SEMANA, ID_SYLLABUS, ID_TIPO)
			VALUES(41, 'ARTE DE TOMAR BUENAS DECISIONES, TENDENCIAS', 5, 11, 40, 1);

INSERT INTO DBSEGSYL.TEMA (ID_TEMA, DESCRIPCION, UNIDAD, SEMANA, ID_SYLLABUS, ID_TIPO)
			VALUES(42, 'CADENA DE VALOR, EL ARTE DE LA GUERRA', 5, 12, 40, 1);

INSERT INTO DBSEGSYL.TEMA (ID_TEMA, DESCRIPCION, UNIDAD, SEMANA, ID_SYLLABUS, ID_TIPO)
			VALUES(43, 'ENEMIGOS INVISIBLES, TENDENCIAS', 5, 13, 40, 1);

INSERT INTO DBSEGSYL.TEMA (ID_TEMA, DESCRIPCION, UNIDAD, SEMANA, ID_SYLLABUS, ID_TIPO)
			VALUES(44, 'EXAMEN FINAL', 5, 14, 40, 1);


/********************************************************/
--TABLA REFERENCIA_BIBLIOGRAFICA

INSERT INTO DBSEGSYL.REFERENCIA_BIBLIOGRAFICA (TITULO, AUTOR, ANIO_PUBLICACION, LUGAR_PUBLICACION, EDITORIAL, ID_REFERENCIA, ID_SYLLABUS, ISBN)
			VALUES('MANUAL PARA DESARROLLADORES', 'ANONIMO', 1950, 'LIMA', 'EDITORIAL KASD', 1, 32, '1536738191');

INSERT INTO DBSEGSYL.REFERENCIA_BIBLIOGRAFICA (TITULO, AUTOR, ANIO_PUBLICACION, LUGAR_PUBLICACION, EDITORIAL, ID_REFERENCIA, ID_SYLLABUS, ISBN)
			VALUES('INGENIERIA DE SOFTWARE', 'FEDOR MAUS', 1920, 'MADRID', 'EDITORIAL KYOMNG', 2, 32, '1283485910210');

INSERT INTO DBSEGSYL.REFERENCIA_BIBLIOGRAFICA (TITULO, AUTOR, ANIO_PUBLICACION, LUGAR_PUBLICACION, EDITORIAL, ID_REFERENCIA, ID_SYLLABUS, ISBN)
			VALUES('GESTION DE REDES', 'FRANZ LULT', 1960, 'MADRID', 'EDITORIAL KYOMNG', 3, 34, '1239503928');

INSERT INTO DBSEGSYL.REFERENCIA_BIBLIOGRAFICA (TITULO, AUTOR, ANIO_PUBLICACION, LUGAR_PUBLICACION, EDITORIAL, ID_REFERENCIA, ID_SYLLABUS, ISBN)
			VALUES('ADMINISTRACION DE REDES BY CISCO', 'MATHEW PEARL', 1990, 'MADRID', 'EDITORIAL SANDERS', 4, 34, '1294388810122');

INSERT INTO DBSEGSYL.REFERENCIA_BIBLIOGRAFICA (TITULO, AUTOR, ANIO_PUBLICACION, LUGAR_PUBLICACION, EDITORIAL, ID_REFERENCIA, ID_SYLLABUS, ISBN)
			VALUES('METODOLOGIAS AGILES Y AGRESIVAS', 'MIKHAIL FEDORA', 1980, 'MADRID', 'EDITORIAL PETRO', 5, 32, '1249659174731');

INSERT INTO DBSEGSYL.REFERENCIA_BIBLIOGRAFICA (TITULO, AUTOR, ANIO_PUBLICACION, LUGAR_PUBLICACION, EDITORIAL, ID_REFERENCIA, ID_SYLLABUS, ISBN)
			VALUES('COBIT 4.5 RESUMIDO', 'REINALDO ROBLES', 1924, 'MADRID', 'TORIBIO ANYARIN', 6, 40, '1294959021');

INSERT INTO DBSEGSYL.REFERENCIA_BIBLIOGRAFICA (TITULO, AUTOR, ANIO_PUBLICACION, LUGAR_PUBLICACION, EDITORIAL, ID_REFERENCIA, ID_SYLLABUS, ISBN)
			VALUES('CONSTRUCCION DE SOTWARE AVANZADO', 'MATHEW PEARL', 1990, 'MADRID', 'EDITORIAL SANDERS', 7, 32, '1294388810122');

INSERT INTO DBSEGSYL.REFERENCIA_BIBLIOGRAFICA (TITULO, AUTOR, ANIO_PUBLICACION, LUGAR_PUBLICACION, EDITORIAL, ID_REFERENCIA, ID_SYLLABUS, ISBN)
			VALUES('REDES Y SUS CONSECUENCIAS', 'MIKHAIL FEDORA', 1980, 'MADRID', 'EDITORIAL PETRO', 8, 34, '1249659174731');

INSERT INTO DBSEGSYL.REFERENCIA_BIBLIOGRAFICA (TITULO, AUTOR, ANIO_PUBLICACION, LUGAR_PUBLICACION, EDITORIAL, ID_REFERENCIA, ID_SYLLABUS, ISBN)
			VALUES('TECNOLOGIAS DE INFORMACION Y SUS METODOS', 'REINALDO ROBLES', 1924, 'MADRID', 'TORIBIO ANYARIN', 9, 40, '1294959021');



/********************************************************/
--TABLA TEMA_X_SESION

--Redes
INSERT INTO DBSEGSYL.TEMA_X_SESION (ID_TEMA_X_SESION, CUMPLIDO, ID_TEMA,	ID_SESION)
			VALUES(2, 'S', 15, 2);
--Gestion
INSERT INTO DBSEGSYL.TEMA_X_SESION (ID_TEMA_X_SESION, CUMPLIDO, ID_TEMA,	ID_SESION)
			VALUES(11, 'S', 31, 11);
--Taller
INSERT INTO DBSEGSYL.TEMA_X_SESION (ID_TEMA_X_SESION, CUMPLIDO, ID_TEMA,	ID_SESION)
			VALUES(14, 'S', 1, 14);
--Redes
INSERT INTO DBSEGSYL.TEMA_X_SESION (ID_TEMA_X_SESION, CUMPLIDO, ID_TEMA,	ID_SESION)
			VALUES(16, 'S', 16, 16);
--Gestion
INSERT INTO DBSEGSYL.TEMA_X_SESION (ID_TEMA_X_SESION, CUMPLIDO, ID_TEMA,	ID_SESION)
			VALUES(25, 'S', 32, 25);
--Taller
INSERT INTO DBSEGSYL.TEMA_X_SESION (ID_TEMA_X_SESION, CUMPLIDO, ID_TEMA,	ID_SESION)
			VALUES(28, 'S', 2, 28);
--Redes
INSERT INTO DBSEGSYL.TEMA_X_SESION (ID_TEMA_X_SESION, CUMPLIDO, ID_TEMA,	ID_SESION)
			VALUES(30, 'S', 17, 30);
--Gestion
INSERT INTO DBSEGSYL.TEMA_X_SESION (ID_TEMA_X_SESION, CUMPLIDO, ID_TEMA,	ID_SESION)
			VALUES(39, 'N', 33, 39);
--Taller
INSERT INTO DBSEGSYL.TEMA_X_SESION (ID_TEMA_X_SESION, CUMPLIDO, ID_TEMA,	ID_SESION)
			VALUES(42, 'N', 3, 42);
--Redes
INSERT INTO DBSEGSYL.TEMA_X_SESION (ID_TEMA_X_SESION, CUMPLIDO, ID_TEMA,	ID_SESION)
			VALUES(44, 'S', 18, 44);
--Gestion
INSERT INTO DBSEGSYL.TEMA_X_SESION (ID_TEMA_X_SESION, CUMPLIDO, ID_TEMA,	ID_SESION)
			VALUES(53, 'S', 34, 53);
--Taller
INSERT INTO DBSEGSYL.TEMA_X_SESION (ID_TEMA_X_SESION, CUMPLIDO, ID_TEMA,	ID_SESION)
			VALUES(56, 'S', 4, 56);

/********************************************************/
--TABLA TEMA_ADICIONAL

INSERT INTO DBSEGSYL.TEMA_ADICIONAL (ID_TEMA_ADICIONAL, CUMPLIDO, DESCRIPCION, ID_SESION)
			VALUES(1, 'S', 'REPASO DE BASE DE DATOS', 42);

INSERT INTO DBSEGSYL.TEMA_ADICIONAL (ID_TEMA_ADICIONAL, CUMPLIDO, DESCRIPCION, ID_SESION)
			VALUES(2, 'S', 'COBIT 5.0 Y SUS DOS PRIMEROS DOMINIOS', 39);


/********************************************************/
--TABLA VALIDACION_ALUMNO
--SE PUEDE HACER UNA FUNCION PARA QUE SOLO VALIDEN LOS QUE ASISTIERON TRAYENDO EL PARAMETRO ID_ASISTENCIA Y VERIFICACION
--redes
INSERT INTO DBSEGSYL.VALIDACION_ALUMNO (ID_VALIDACION, CUMPLIDO, COMENTARIO, ID_ALUMNO, ID_TEMA_X_SESION)
			VALUES (1, 1, 'SE CUMPLIO UN POCO MAS DE LA MITAD DEL TEMA', 47655156, 2);

INSERT INTO DBSEGSYL.VALIDACION_ALUMNO (ID_VALIDACION, CUMPLIDO, COMENTARIO, ID_ALUMNO, ID_TEMA_X_SESION)
			VALUES (2, 1, 'SI SE HIZO UN GRAN AVANZE DEL TEMA', 46096121, 2);

INSERT INTO DBSEGSYL.VALIDACION_ALUMNO (ID_VALIDACION, CUMPLIDO, COMENTARIO, ID_ALUMNO, ID_TEMA_X_SESION)
			VALUES (3, 1, 'SI SE HIZO UN GRAN AVANZE DEL TEMA', 47590936, 2);

--gestion
INSERT INTO DBSEGSYL.VALIDACION_ALUMNO (ID_VALIDACION, CUMPLIDO, COMENTARIO, ID_ALUMNO, ID_TEMA_X_SESION)
			VALUES (4, 1, 'SE CUMPLIO GRAN PARTE DEL TEMA', 47655156, 11);

INSERT INTO DBSEGSYL.VALIDACION_ALUMNO (ID_VALIDACION, CUMPLIDO, COMENTARIO, ID_ALUMNO, ID_TEMA_X_SESION)
			VALUES (5, 1, 'SI SE HIZO EL TEMA', 70126281, 11);

INSERT INTO DBSEGSYL.VALIDACION_ALUMNO (ID_VALIDACION, CUMPLIDO, COMENTARIO, ID_ALUMNO, ID_TEMA_X_SESION)
			VALUES (6, 1, 'SE CUMPLIO EL TEMA', 76726604, 11);

--taller
INSERT INTO DBSEGSYL.VALIDACION_ALUMNO (ID_VALIDACION, CUMPLIDO,COMENTARIO, ID_ALUMNO, ID_TEMA_X_SESION)
			VALUES (7, 1, 'SE CUMPLIO TODO EL TEMA', 47655156, 14);

INSERT INTO DBSEGSYL.VALIDACION_ALUMNO (ID_VALIDACION, CUMPLIDO,COMENTARIO, ID_ALUMNO, ID_TEMA_X_SESION)
			VALUES (8, 1, 'SE HIZO EL TEMA', 70126281, 14);

INSERT INTO DBSEGSYL.VALIDACION_ALUMNO (ID_VALIDACION, CUMPLIDO,COMENTARIO, ID_ALUMNO, ID_TEMA_X_SESION)
			VALUES (9, 1, 'SI SE ACABO CASI TODO EL TEMA', 48987458, 14);

INSERT INTO DBSEGSYL.VALIDACION_ALUMNO (ID_VALIDACION, CUMPLIDO,COMENTARIO, ID_ALUMNO, ID_TEMA_X_SESION)
			VALUES (10, 1, 'CASI ACABO TODO EL TEMA', 47590936, 14);

INSERT INTO DBSEGSYL.VALIDACION_ALUMNO (ID_VALIDACION, CUMPLIDO,COMENTARIO, ID_ALUMNO, ID_TEMA_X_SESION)
			VALUES (11, 1, 'SE CUMPLIO TODO EL TEMA', 76726604, 14);

--redes
INSERT INTO DBSEGSYL.VALIDACION_ALUMNO (ID_VALIDACION, CUMPLIDO,COMENTARIO, ID_ALUMNO, ID_TEMA_X_SESION)
			VALUES (12, 1, 'SE CUMPLIO TODO EL TEMA', 46096121, 16);

INSERT INTO DBSEGSYL.VALIDACION_ALUMNO (ID_VALIDACION, CUMPLIDO,COMENTARIO, ID_ALUMNO, ID_TEMA_X_SESION)
			VALUES (13, 1, 'SI SE ACABO EL TEMA', 47655156, 16);

INSERT INTO DBSEGSYL.VALIDACION_ALUMNO (ID_VALIDACION, CUMPLIDO,COMENTARIO, ID_ALUMNO, ID_TEMA_X_SESION)
			VALUES (14, 1, 'SE ACABO CASI TODO EL TEMA',  48987458, 16);
--Gestion
INSERT INTO DBSEGSYL.VALIDACION_ALUMNO (ID_VALIDACION, CUMPLIDO, COMENTARIO, ID_ALUMNO, ID_TEMA_X_SESION)
			VALUES (15, 1, 'SE AVANZO BIEN EL TEMA', 44270511, 25);

INSERT INTO DBSEGSYL.VALIDACION_ALUMNO (ID_VALIDACION, CUMPLIDO, COMENTARIO, ID_ALUMNO, ID_TEMA_X_SESION)
			VALUES (16, 1, 'SE CUMPLIO EL TEMA', 46096121, 25);

INSERT INTO DBSEGSYL.VALIDACION_ALUMNO (ID_VALIDACION, CUMPLIDO, COMENTARIO, ID_ALUMNO, ID_TEMA_X_SESION)
			VALUES (17, 1, 'SE CUMPLIO SOLA LA MITAD DEL TEMA', 47655156, 25);

INSERT INTO DBSEGSYL.VALIDACION_ALUMNO (ID_VALIDACION, CUMPLIDO, COMENTARIO, ID_ALUMNO, ID_TEMA_X_SESION)
			VALUES (18, 1, 'SE CUMPLIO CASI TODO EL TEMA', 48987458, 25);
--Taller
INSERT INTO DBSEGSYL.VALIDACION_ALUMNO (ID_VALIDACION, CUMPLIDO, COMENTARIO, ID_ALUMNO, ID_TEMA_X_SESION)
			VALUES (19, 1, 'SE CUMPLIO EL TEMA', 46096121, 28);

INSERT INTO DBSEGSYL.VALIDACION_ALUMNO (ID_VALIDACION, CUMPLIDO, COMENTARIO, ID_ALUMNO, ID_TEMA_X_SESION)
			VALUES (20, 1, 'SE CUMPLIO SOLA  PARTE DEL TEMA', 47655156, 28);

INSERT INTO DBSEGSYL.VALIDACION_ALUMNO (ID_VALIDACION, CUMPLIDO, COMENTARIO, ID_ALUMNO, ID_TEMA_X_SESION)
			VALUES (21, 1, 'SE CUMPLIO ', 70126281, 28);

INSERT INTO DBSEGSYL.VALIDACION_ALUMNO (ID_VALIDACION, CUMPLIDO, COMENTARIO, ID_ALUMNO, ID_TEMA_X_SESION)
			VALUES (22, 1, 'SE CUMPLIO EL TEMA', 48987458, 28);

INSERT INTO DBSEGSYL.VALIDACION_ALUMNO (ID_VALIDACION, CUMPLIDO, COMENTARIO, ID_ALUMNO, ID_TEMA_X_SESION)
			VALUES (23, 1, 'SE CUMPLIO PARTE DEL TEMA', 47590936, 28);

INSERT INTO DBSEGSYL.VALIDACION_ALUMNO (ID_VALIDACION, CUMPLIDO, COMENTARIO, ID_ALUMNO, ID_TEMA_X_SESION)
			VALUES (24, 1, 'SE CUMPLIO TODO EL TEMA', 76726604, 28);
--redes
INSERT INTO DBSEGSYL.VALIDACION_ALUMNO (ID_VALIDACION, CUMPLIDO,COMENTARIO, ID_ALUMNO, ID_TEMA_X_SESION)
			VALUES (25, 1, 'SE CUMPLIO TODO EL TEMA', 48987458, 30);

INSERT INTO DBSEGSYL.VALIDACION_ALUMNO (ID_VALIDACION, CUMPLIDO,COMENTARIO, ID_ALUMNO, ID_TEMA_X_SESION)
			VALUES (26, 1, 'SE HIZO EL TEMA', 47590936, 30);

--Gestion
INSERT INTO DBSEGSYL.VALIDACION_ALUMNO (ID_VALIDACION, CUMPLIDO,COMENTARIO, ID_ALUMNO, ID_TEMA_X_SESION)
			VALUES (27, 0, 'SE HIZO OTRO TEMA ', 44270511, 39);

INSERT INTO DBSEGSYL.VALIDACION_ALUMNO (ID_VALIDACION, CUMPLIDO,COMENTARIO, ID_ALUMNO, ID_TEMA_X_SESION)
			VALUES (28, 0, 'SE TUVO QUE HACER OTRO TEMA ', 76726604, 39);

--Taller
INSERT INTO DBSEGSYL.VALIDACION_ALUMNO (ID_VALIDACION, CUMPLIDO, COMENTARIO, ID_ALUMNO, ID_TEMA_X_SESION)
			VALUES (29, 0, 'NO SE CUMPLIO EL TEMA, SE HIZO OTRO', 44270511, 42);

INSERT INTO DBSEGSYL.VALIDACION_ALUMNO (ID_VALIDACION, CUMPLIDO, COMENTARIO, ID_ALUMNO, ID_TEMA_X_SESION)
			VALUES (30, 0, 'SE HIZO OTRO TEMA', 46096121, 42);

INSERT INTO DBSEGSYL.VALIDACION_ALUMNO (ID_VALIDACION, CUMPLIDO, COMENTARIO, ID_ALUMNO, ID_TEMA_X_SESION)
			VALUES (31, 0, 'NO SE HIZO EL TEMA QUE DEBIA', 47655156, 42);
--redes
INSERT INTO DBSEGSYL.VALIDACION_ALUMNO (ID_VALIDACION, CUMPLIDO, COMENTARIO, ID_ALUMNO, ID_TEMA_X_SESION)
			VALUES (32, 1, 'SE CUMPLIO CASI EN SU TOTALIDAD EL TEMA', 44270511, 44);

INSERT INTO DBSEGSYL.VALIDACION_ALUMNO (ID_VALIDACION, CUMPLIDO, COMENTARIO, ID_ALUMNO, ID_TEMA_X_SESION)
			VALUES (33, 1, 'SE HIZO TODO EL TEMA', 70126281, 44);
--Gestion
INSERT INTO DBSEGSYL.VALIDACION_ALUMNO (ID_VALIDACION, CUMPLIDO,COMENTARIO, ID_ALUMNO, ID_TEMA_X_SESION)
			VALUES (34, 1, 'SE CUMPLIO TODO EL TEMA', 44270511, 53);
--Taller
INSERT INTO DBSEGSYL.VALIDACION_ALUMNO (ID_VALIDACION, CUMPLIDO,COMENTARIO, ID_ALUMNO, ID_TEMA_X_SESION)
			VALUES (35, 1, 'SE CUMPLIO TODO EL TEMA', 46096121, 56);

INSERT INTO DBSEGSYL.VALIDACION_ALUMNO (ID_VALIDACION, CUMPLIDO,COMENTARIO, ID_ALUMNO, ID_TEMA_X_SESION)
			VALUES (36, 1, 'SE CUMPLIO  EL TEMA', 47655156, 56);

INSERT INTO DBSEGSYL.VALIDACION_ALUMNO (ID_VALIDACION, CUMPLIDO,COMENTARIO, ID_ALUMNO, ID_TEMA_X_SESION)
			VALUES (37, 1, 'SE HIZO GRAN PARTE DEL TEMA', 48987458, 56);

INSERT INTO DBSEGSYL.VALIDACION_ALUMNO (ID_VALIDACION, CUMPLIDO,COMENTARIO, ID_ALUMNO, ID_TEMA_X_SESION)
			VALUES (38, 1, 'SE CUMPLIO TODO EL TEMA', 76726604, 56);


--TABLA COD_GENERAL_DET
--	(ESTADO -> INICIADA , TERMINADA, EN PROCESO, CANCELADA)
INSERT INTO DBSEGSYL.CODIGO_GENERAL_DET (ID_CODIGO_GENERAL, CODIGO_GENERAL, CODIGO_GENERAL_DET, DESCRIPCION)
			VALUES (1, 'ESTADO', 'I', 'INICIADA');

INSERT INTO DBSEGSYL.CODIGO_GENERAL_DET (ID_CODIGO_GENERAL, CODIGO_GENERAL, CODIGO_GENERAL_DET, DESCRIPCION)
			VALUES (2, 'ESTADO', 'T', 'TERMINADA');

INSERT INTO DBSEGSYL.CODIGO_GENERAL_DET (ID_CODIGO_GENERAL, CODIGO_GENERAL, CODIGO_GENERAL_DET, DESCRIPCION)
			VALUES (3, 'ESTADO', 'P', 'EN PROCESO');

INSERT INTO DBSEGSYL.CODIGO_GENERAL_DET (ID_CODIGO_GENERAL, CODIGO_GENERAL, CODIGO_GENERAL_DET, DESCRIPCION)
			VALUES (4, 'ESTADO', 'C', 'CANCELADA');

INSERT INTO DBSEGSYL.CODIGO_GENERAL_DET (ID_CODIGO_GENERAL, CODIGO_GENERAL, CODIGO_GENERAL_DET, DESCRIPCION)
			VALUES (5, 'VERIFICACION', 'A', 'ASISTIO');

INSERT INTO DBSEGSYL.CODIGO_GENERAL_DET (ID_CODIGO_GENERAL, CODIGO_GENERAL, CODIGO_GENERAL_DET, DESCRIPCION)
			VALUES (6, 'VERIFICACION', 'F', 'FALTA');

INSERT INTO DBSEGSYL.CODIGO_GENERAL_DET (ID_CODIGO_GENERAL, CODIGO_GENERAL, CODIGO_GENERAL_DET, DESCRIPCION)
			VALUES (7, 'VERIFICACION', 'T', 'TARDANZA');

INSERT INTO DBSEGSYL.CODIGO_GENERAL_DET (ID_CODIGO_GENERAL, CODIGO_GENERAL, CODIGO_GENERAL_DET, DESCRIPCION)
			VALUES (8, 'ESTADO_SYLLABUS', 'A', 'ACEPTADO');

INSERT INTO DBSEGSYL.CODIGO_GENERAL_DET (ID_CODIGO_GENERAL, CODIGO_GENERAL, CODIGO_GENERAL_DET, DESCRIPCION)
			VALUES (9, 'ESTADO_SYLLABUS', 'R', 'RECHAZADO');

INSERT INTO DBSEGSYL.CODIGO_GENERAL_DET (ID_CODIGO_GENERAL, CODIGO_GENERAL, CODIGO_GENERAL_DET, DESCRIPCION)
			VALUES (10, 'ESTADO_SYLLABUS', 'N', 'NO ENVIADO');

/********************************************************/
--TABLA ROL_X_USUARIO
INSERT INTO DBSEGSYL.ROL_X_USUARIO (ID_ROL_X_USUARIO, ID_USUARIO, ID_ROL)
			VALUES (1, 44270511, 1);

INSERT INTO DBSEGSYL.ROL_X_USUARIO (ID_ROL_X_USUARIO, ID_USUARIO, ID_ROL)
			VALUES (2, 46096121, 1);

INSERT INTO DBSEGSYL.ROL_X_USUARIO (ID_ROL_X_USUARIO, ID_USUARIO, ID_ROL)
			VALUES (3, 47655156, 1);

INSERT INTO DBSEGSYL.ROL_X_USUARIO (ID_ROL_X_USUARIO, ID_USUARIO, ID_ROL)
			VALUES (4, 70126281, 1);

INSERT INTO DBSEGSYL.ROL_X_USUARIO (ID_ROL_X_USUARIO, ID_USUARIO, ID_ROL)
			VALUES (5, 48987458, 1);

INSERT INTO DBSEGSYL.ROL_X_USUARIO (ID_ROL_X_USUARIO, ID_USUARIO, ID_ROL)
			VALUES (6, 47590936, 1);

INSERT INTO DBSEGSYL.ROL_X_USUARIO (ID_ROL_X_USUARIO, ID_USUARIO, ID_ROL)
			VALUES (7, 76726604, 1);

INSERT INTO DBSEGSYL.ROL_X_USUARIO (ID_ROL_X_USUARIO, ID_USUARIO, ID_ROL)
			VALUES (8, 43554891, 1);

INSERT INTO DBSEGSYL.ROL_X_USUARIO (ID_ROL_X_USUARIO, ID_USUARIO, ID_ROL)
			VALUES (9, 11456684, 2);

INSERT INTO DBSEGSYL.ROL_X_USUARIO (ID_ROL_X_USUARIO, ID_USUARIO, ID_ROL)
			VALUES (10, 42352332, 2);

INSERT INTO DBSEGSYL.ROL_X_USUARIO (ID_ROL_X_USUARIO, ID_USUARIO, ID_ROL)
			VALUES (11, 17067646, 4);--SW

INSERT INTO DBSEGSYL.ROL_X_USUARIO (ID_ROL_X_USUARIO, ID_USUARIO, ID_ROL)
			VALUES (12, 14058547, 4);--SIS

INSERT INTO DBSEGSYL.ROL_X_USUARIO (ID_ROL_X_USUARIO, ID_USUARIO, ID_ROL)
			VALUES (13, 15485698, 5);--DEC

INSERT INTO DBSEGSYL.ROL_X_USUARIO (ID_ROL_X_USUARIO, ID_USUARIO, ID_ROL)
			VALUES (14, 18895878, 2);

INSERT INTO DBSEGSYL.ROL_X_USUARIO (ID_ROL_X_USUARIO, ID_USUARIO, ID_ROL)
			VALUES (15, 12265875, 2);

INSERT INTO DBSEGSYL.ROL_X_USUARIO (ID_ROL_X_USUARIO, ID_USUARIO, ID_ROL)
			VALUES (16, 12458751, 2);

INSERT INTO DBSEGSYL.ROL_X_USUARIO (ID_ROL_X_USUARIO, ID_USUARIO, ID_ROL)
			VALUES (17, 17484754, 2);

INSERT INTO DBSEGSYL.ROL_X_USUARIO (ID_ROL_X_USUARIO, ID_USUARIO, ID_ROL)
			VALUES (18, 19248754, 2);

INSERT INTO DBSEGSYL.ROL_X_USUARIO (ID_ROL_X_USUARIO, ID_USUARIO, ID_ROL)
			VALUES (19, 18595665, 2);

INSERT INTO DBSEGSYL.ROL_X_USUARIO (ID_ROL_X_USUARIO, ID_USUARIO, ID_ROL)
			VALUES (20, 18475665, 2);

INSERT INTO DBSEGSYL.ROL_X_USUARIO (ID_ROL_X_USUARIO, ID_USUARIO, ID_ROL)
			VALUES (21, 14545665, 2);

INSERT INTO DBSEGSYL.ROL_X_USUARIO (ID_ROL_X_USUARIO, ID_USUARIO, ID_ROL)
			VALUES (22, 99999999, 2);

INSERT INTO DBSEGSYL.ROL_X_USUARIO (ID_ROL_X_USUARIO, ID_USUARIO, ID_ROL)
			VALUES (23, 15485698, 2);

INSERT INTO DBSEGSYL.ROL_X_USUARIO (ID_ROL_X_USUARIO, ID_USUARIO, ID_ROL)
			VALUES (24, 15485698, 3);

INSERT INTO DBSEGSYL.ROL_X_USUARIO (ID_ROL_X_USUARIO, ID_USUARIO, ID_ROL)
			VALUES (25, 18895878, 3);

INSERT INTO DBSEGSYL.ROL_X_USUARIO (ID_ROL_X_USUARIO, ID_USUARIO, ID_ROL)
			VALUES (26, 12265875, 3);

INSERT INTO DBSEGSYL.ROL_X_USUARIO (ID_ROL_X_USUARIO, ID_USUARIO, ID_ROL)
			VALUES (27, 12458751, 3);

INSERT INTO DBSEGSYL.ROL_X_USUARIO (ID_ROL_X_USUARIO, ID_USUARIO, ID_ROL)
			VALUES (28, 17484754, 2);

INSERT INTO DBSEGSYL.ROL_X_USUARIO (ID_ROL_X_USUARIO, ID_USUARIO, ID_ROL)
			VALUES (29, 19248754, 3);

INSERT INTO DBSEGSYL.ROL_X_USUARIO (ID_ROL_X_USUARIO, ID_USUARIO, ID_ROL)
			VALUES (30, 18595665, 3);

INSERT INTO DBSEGSYL.ROL_X_USUARIO (ID_ROL_X_USUARIO, ID_USUARIO, ID_ROL)
			VALUES (31, 14545665, 3);

INSERT INTO DBSEGSYL.ROL_X_USUARIO (ID_ROL_X_USUARIO, ID_USUARIO, ID_ROL)
			VALUES (32, 99999999, 3);
